topicId,rank,docId,filename
0,0,18,file:/Users/brandonlocke/Desktop/GreekRomanTexts/texts/Greece_Plato_Phaedrus.txt
0,1,6,file:/Users/brandonlocke/Desktop/GreekRomanTexts/texts/Greece_Xenophon_TheSymposium.txt
0,2,10,file:/Users/brandonlocke/Desktop/GreekRomanTexts/texts/Greece_Plato_Symposium.txt
0,3,11,file:/Users/brandonlocke/Desktop/GreekRomanTexts/texts/Greece_Plato_Crito.txt
0,4,8,file:/Users/brandonlocke/Desktop/GreekRomanTexts/texts/Greece_Plato_TheMento.txt
0,5,17,file:/Users/brandonlocke/Desktop/GreekRomanTexts/texts/Rome_EmperorJulian_Mispogon.txt
0,6,16,file:/Users/brandonlocke/Desktop/GreekRomanTexts/texts/Greece_Aristotle_NicomacheanEthics.txt
0,7,15,file:/Users/brandonlocke/Desktop/GreekRomanTexts/texts/Greece_Aristotle_Metaphysics.txt
0,8,14,file:/Users/brandonlocke/Desktop/GreekRomanTexts/texts/Rome_MarcusAureliusAntonius_Meditations.txt
0,9,13,file:/Users/brandonlocke/Desktop/GreekRomanTexts/texts/Rome_Plotinus_SixEnneads.txt
0,10,12,file:/Users/brandonlocke/Desktop/GreekRomanTexts/texts/Greece_Aristotle_Physics.txt
0,11,9,file:/Users/brandonlocke/Desktop/GreekRomanTexts/texts/Greece_Plato_Phaedo.txt
0,12,7,file:/Users/brandonlocke/Desktop/GreekRomanTexts/texts/Rome_Cicero_OldAge.txt
0,13,5,file:/Users/brandonlocke/Desktop/GreekRomanTexts/texts/Rome_Cicero_SelectedLettersShuckburgh.txt
0,14,4,file:/Users/brandonlocke/Desktop/GreekRomanTexts/texts/Greece_Aristotle_politics.txt
0,15,3,file:/Users/brandonlocke/Desktop/GreekRomanTexts/texts/Greece_Aristotle_Poetics.txt
0,16,2,file:/Users/brandonlocke/Desktop/GreekRomanTexts/texts/Rome_Cicero_OnFriendshipOrLaelius.txt
0,17,1,file:/Users/brandonlocke/Desktop/GreekRomanTexts/texts/Greece_Plato_Republic.txt
0,18,0,file:/Users/brandonlocke/Desktop/GreekRomanTexts/texts/Greece_Plato_Gorgias.txt
1,0,13,file:/Users/brandonlocke/Desktop/GreekRomanTexts/texts/Rome_Plotinus_SixEnneads.txt
1,1,3,file:/Users/brandonlocke/Desktop/GreekRomanTexts/texts/Greece_Aristotle_Poetics.txt
1,2,1,file:/Users/brandonlocke/Desktop/GreekRomanTexts/texts/Greece_Plato_Republic.txt
1,3,4,file:/Users/brandonlocke/Desktop/GreekRomanTexts/texts/Greece_Aristotle_politics.txt
1,4,14,file:/Users/brandonlocke/Desktop/GreekRomanTexts/texts/Rome_MarcusAureliusAntonius_Meditations.txt
1,5,5,file:/Users/brandonlocke/Desktop/GreekRomanTexts/texts/Rome_Cicero_SelectedLettersShuckburgh.txt
1,6,18,file:/Users/brandonlocke/Desktop/GreekRomanTexts/texts/Greece_Plato_Phaedrus.txt
1,7,6,file:/Users/brandonlocke/Desktop/GreekRomanTexts/texts/Greece_Xenophon_TheSymposium.txt
1,8,2,file:/Users/brandonlocke/Desktop/GreekRomanTexts/texts/Rome_Cicero_OnFriendshipOrLaelius.txt
1,9,9,file:/Users/brandonlocke/Desktop/GreekRomanTexts/texts/Greece_Plato_Phaedo.txt
1,10,7,file:/Users/brandonlocke/Desktop/GreekRomanTexts/texts/Rome_Cicero_OldAge.txt
1,11,17,file:/Users/brandonlocke/Desktop/GreekRomanTexts/texts/Rome_EmperorJulian_Mispogon.txt
1,12,16,file:/Users/brandonlocke/Desktop/GreekRomanTexts/texts/Greece_Aristotle_NicomacheanEthics.txt
1,13,15,file:/Users/brandonlocke/Desktop/GreekRomanTexts/texts/Greece_Aristotle_Metaphysics.txt
1,14,12,file:/Users/brandonlocke/Desktop/GreekRomanTexts/texts/Greece_Aristotle_Physics.txt
1,15,11,file:/Users/brandonlocke/Desktop/GreekRomanTexts/texts/Greece_Plato_Crito.txt
1,16,10,file:/Users/brandonlocke/Desktop/GreekRomanTexts/texts/Greece_Plato_Symposium.txt
1,17,8,file:/Users/brandonlocke/Desktop/GreekRomanTexts/texts/Greece_Plato_TheMento.txt
1,18,0,file:/Users/brandonlocke/Desktop/GreekRomanTexts/texts/Greece_Plato_Gorgias.txt
2,0,12,file:/Users/brandonlocke/Desktop/GreekRomanTexts/texts/Greece_Aristotle_Physics.txt
2,1,13,file:/Users/brandonlocke/Desktop/GreekRomanTexts/texts/Rome_Plotinus_SixEnneads.txt
2,2,15,file:/Users/brandonlocke/Desktop/GreekRomanTexts/texts/Greece_Aristotle_Metaphysics.txt
2,3,1,file:/Users/brandonlocke/Desktop/GreekRomanTexts/texts/Greece_Plato_Republic.txt
2,4,14,file:/Users/brandonlocke/Desktop/GreekRomanTexts/texts/Rome_MarcusAureliusAntonius_Meditations.txt
2,5,5,file:/Users/brandonlocke/Desktop/GreekRomanTexts/texts/Rome_Cicero_SelectedLettersShuckburgh.txt
2,6,6,file:/Users/brandonlocke/Desktop/GreekRomanTexts/texts/Greece_Xenophon_TheSymposium.txt
2,7,16,file:/Users/brandonlocke/Desktop/GreekRomanTexts/texts/Greece_Aristotle_NicomacheanEthics.txt
2,8,18,file:/Users/brandonlocke/Desktop/GreekRomanTexts/texts/Greece_Plato_Phaedrus.txt
2,9,10,file:/Users/brandonlocke/Desktop/GreekRomanTexts/texts/Greece_Plato_Symposium.txt
2,10,7,file:/Users/brandonlocke/Desktop/GreekRomanTexts/texts/Rome_Cicero_OldAge.txt
2,11,9,file:/Users/brandonlocke/Desktop/GreekRomanTexts/texts/Greece_Plato_Phaedo.txt
2,12,2,file:/Users/brandonlocke/Desktop/GreekRomanTexts/texts/Rome_Cicero_OnFriendshipOrLaelius.txt
2,13,17,file:/Users/brandonlocke/Desktop/GreekRomanTexts/texts/Rome_EmperorJulian_Mispogon.txt
2,14,11,file:/Users/brandonlocke/Desktop/GreekRomanTexts/texts/Greece_Plato_Crito.txt
2,15,8,file:/Users/brandonlocke/Desktop/GreekRomanTexts/texts/Greece_Plato_TheMento.txt
2,16,4,file:/Users/brandonlocke/Desktop/GreekRomanTexts/texts/Greece_Aristotle_politics.txt
2,17,3,file:/Users/brandonlocke/Desktop/GreekRomanTexts/texts/Greece_Aristotle_Poetics.txt
2,18,0,file:/Users/brandonlocke/Desktop/GreekRomanTexts/texts/Greece_Plato_Gorgias.txt
3,0,14,file:/Users/brandonlocke/Desktop/GreekRomanTexts/texts/Rome_MarcusAureliusAntonius_Meditations.txt
3,1,17,file:/Users/brandonlocke/Desktop/GreekRomanTexts/texts/Rome_EmperorJulian_Mispogon.txt
3,2,6,file:/Users/brandonlocke/Desktop/GreekRomanTexts/texts/Greece_Xenophon_TheSymposium.txt
3,3,13,file:/Users/brandonlocke/Desktop/GreekRomanTexts/texts/Rome_Plotinus_SixEnneads.txt
3,4,18,file:/Users/brandonlocke/Desktop/GreekRomanTexts/texts/Greece_Plato_Phaedrus.txt
3,5,16,file:/Users/brandonlocke/Desktop/GreekRomanTexts/texts/Greece_Aristotle_NicomacheanEthics.txt
3,6,15,file:/Users/brandonlocke/Desktop/GreekRomanTexts/texts/Greece_Aristotle_Metaphysics.txt
3,7,12,file:/Users/brandonlocke/Desktop/GreekRomanTexts/texts/Greece_Aristotle_Physics.txt
3,8,11,file:/Users/brandonlocke/Desktop/GreekRomanTexts/texts/Greece_Plato_Crito.txt
3,9,10,file:/Users/brandonlocke/Desktop/GreekRomanTexts/texts/Greece_Plato_Symposium.txt
3,10,9,file:/Users/brandonlocke/Desktop/GreekRomanTexts/texts/Greece_Plato_Phaedo.txt
3,11,8,file:/Users/brandonlocke/Desktop/GreekRomanTexts/texts/Greece_Plato_TheMento.txt
3,12,7,file:/Users/brandonlocke/Desktop/GreekRomanTexts/texts/Rome_Cicero_OldAge.txt
3,13,5,file:/Users/brandonlocke/Desktop/GreekRomanTexts/texts/Rome_Cicero_SelectedLettersShuckburgh.txt
3,14,4,file:/Users/brandonlocke/Desktop/GreekRomanTexts/texts/Greece_Aristotle_politics.txt
3,15,3,file:/Users/brandonlocke/Desktop/GreekRomanTexts/texts/Greece_Aristotle_Poetics.txt
3,16,2,file:/Users/brandonlocke/Desktop/GreekRomanTexts/texts/Rome_Cicero_OnFriendshipOrLaelius.txt
3,17,1,file:/Users/brandonlocke/Desktop/GreekRomanTexts/texts/Greece_Plato_Republic.txt
3,18,0,file:/Users/brandonlocke/Desktop/GreekRomanTexts/texts/Greece_Plato_Gorgias.txt
4,0,5,file:/Users/brandonlocke/Desktop/GreekRomanTexts/texts/Rome_Cicero_SelectedLettersShuckburgh.txt
4,1,4,file:/Users/brandonlocke/Desktop/GreekRomanTexts/texts/Greece_Aristotle_politics.txt
4,2,2,file:/Users/brandonlocke/Desktop/GreekRomanTexts/texts/Rome_Cicero_OnFriendshipOrLaelius.txt
4,3,1,file:/Users/brandonlocke/Desktop/GreekRomanTexts/texts/Greece_Plato_Republic.txt
4,4,10,file:/Users/brandonlocke/Desktop/GreekRomanTexts/texts/Greece_Plato_Symposium.txt
4,5,7,file:/Users/brandonlocke/Desktop/GreekRomanTexts/texts/Rome_Cicero_OldAge.txt
4,6,17,file:/Users/brandonlocke/Desktop/GreekRomanTexts/texts/Rome_EmperorJulian_Mispogon.txt
4,7,6,file:/Users/brandonlocke/Desktop/GreekRomanTexts/texts/Greece_Xenophon_TheSymposium.txt
4,8,18,file:/Users/brandonlocke/Desktop/GreekRomanTexts/texts/Greece_Plato_Phaedrus.txt
4,9,14,file:/Users/brandonlocke/Desktop/GreekRomanTexts/texts/Rome_MarcusAureliusAntonius_Meditations.txt
4,10,0,file:/Users/brandonlocke/Desktop/GreekRomanTexts/texts/Greece_Plato_Gorgias.txt
4,11,9,file:/Users/brandonlocke/Desktop/GreekRomanTexts/texts/Greece_Plato_Phaedo.txt
4,12,13,file:/Users/brandonlocke/Desktop/GreekRomanTexts/texts/Rome_Plotinus_SixEnneads.txt
4,13,11,file:/Users/brandonlocke/Desktop/GreekRomanTexts/texts/Greece_Plato_Crito.txt
4,14,8,file:/Users/brandonlocke/Desktop/GreekRomanTexts/texts/Greece_Plato_TheMento.txt
4,15,16,file:/Users/brandonlocke/Desktop/GreekRomanTexts/texts/Greece_Aristotle_NicomacheanEthics.txt
4,16,3,file:/Users/brandonlocke/Desktop/GreekRomanTexts/texts/Greece_Aristotle_Poetics.txt
4,17,15,file:/Users/brandonlocke/Desktop/GreekRomanTexts/texts/Greece_Aristotle_Metaphysics.txt
4,18,12,file:/Users/brandonlocke/Desktop/GreekRomanTexts/texts/Greece_Aristotle_Physics.txt
5,0,6,file:/Users/brandonlocke/Desktop/GreekRomanTexts/texts/Greece_Xenophon_TheSymposium.txt
5,1,18,file:/Users/brandonlocke/Desktop/GreekRomanTexts/texts/Greece_Plato_Phaedrus.txt
5,2,17,file:/Users/brandonlocke/Desktop/GreekRomanTexts/texts/Rome_EmperorJulian_Mispogon.txt
5,3,16,file:/Users/brandonlocke/Desktop/GreekRomanTexts/texts/Greece_Aristotle_NicomacheanEthics.txt
5,4,15,file:/Users/brandonlocke/Desktop/GreekRomanTexts/texts/Greece_Aristotle_Metaphysics.txt
5,5,14,file:/Users/brandonlocke/Desktop/GreekRomanTexts/texts/Rome_MarcusAureliusAntonius_Meditations.txt
5,6,13,file:/Users/brandonlocke/Desktop/GreekRomanTexts/texts/Rome_Plotinus_SixEnneads.txt
5,7,12,file:/Users/brandonlocke/Desktop/GreekRomanTexts/texts/Greece_Aristotle_Physics.txt
5,8,11,file:/Users/brandonlocke/Desktop/GreekRomanTexts/texts/Greece_Plato_Crito.txt
5,9,10,file:/Users/brandonlocke/Desktop/GreekRomanTexts/texts/Greece_Plato_Symposium.txt
5,10,9,file:/Users/brandonlocke/Desktop/GreekRomanTexts/texts/Greece_Plato_Phaedo.txt
5,11,8,file:/Users/brandonlocke/Desktop/GreekRomanTexts/texts/Greece_Plato_TheMento.txt
5,12,7,file:/Users/brandonlocke/Desktop/GreekRomanTexts/texts/Rome_Cicero_OldAge.txt
5,13,5,file:/Users/brandonlocke/Desktop/GreekRomanTexts/texts/Rome_Cicero_SelectedLettersShuckburgh.txt
5,14,4,file:/Users/brandonlocke/Desktop/GreekRomanTexts/texts/Greece_Aristotle_politics.txt
5,15,3,file:/Users/brandonlocke/Desktop/GreekRomanTexts/texts/Greece_Aristotle_Poetics.txt
5,16,2,file:/Users/brandonlocke/Desktop/GreekRomanTexts/texts/Rome_Cicero_OnFriendshipOrLaelius.txt
5,17,1,file:/Users/brandonlocke/Desktop/GreekRomanTexts/texts/Greece_Plato_Republic.txt
5,18,0,file:/Users/brandonlocke/Desktop/GreekRomanTexts/texts/Greece_Plato_Gorgias.txt
6,0,13,file:/Users/brandonlocke/Desktop/GreekRomanTexts/texts/Rome_Plotinus_SixEnneads.txt
6,1,1,file:/Users/brandonlocke/Desktop/GreekRomanTexts/texts/Greece_Plato_Republic.txt
6,2,9,file:/Users/brandonlocke/Desktop/GreekRomanTexts/texts/Greece_Plato_Phaedo.txt
6,3,12,file:/Users/brandonlocke/Desktop/GreekRomanTexts/texts/Greece_Aristotle_Physics.txt
6,4,14,file:/Users/brandonlocke/Desktop/GreekRomanTexts/texts/Rome_MarcusAureliusAntonius_Meditations.txt
6,5,6,file:/Users/brandonlocke/Desktop/GreekRomanTexts/texts/Greece_Xenophon_TheSymposium.txt
6,6,18,file:/Users/brandonlocke/Desktop/GreekRomanTexts/texts/Greece_Plato_Phaedrus.txt
6,7,10,file:/Users/brandonlocke/Desktop/GreekRomanTexts/texts/Greece_Plato_Symposium.txt
6,8,2,file:/Users/brandonlocke/Desktop/GreekRomanTexts/texts/Rome_Cicero_OnFriendshipOrLaelius.txt
6,9,7,file:/Users/brandonlocke/Desktop/GreekRomanTexts/texts/Rome_Cicero_OldAge.txt
6,10,4,file:/Users/brandonlocke/Desktop/GreekRomanTexts/texts/Greece_Aristotle_politics.txt
6,11,5,file:/Users/brandonlocke/Desktop/GreekRomanTexts/texts/Rome_Cicero_SelectedLettersShuckburgh.txt
6,12,0,file:/Users/brandonlocke/Desktop/GreekRomanTexts/texts/Greece_Plato_Gorgias.txt
6,13,3,file:/Users/brandonlocke/Desktop/GreekRomanTexts/texts/Greece_Aristotle_Poetics.txt
6,14,16,file:/Users/brandonlocke/Desktop/GreekRomanTexts/texts/Greece_Aristotle_NicomacheanEthics.txt
6,15,15,file:/Users/brandonlocke/Desktop/GreekRomanTexts/texts/Greece_Aristotle_Metaphysics.txt
6,16,8,file:/Users/brandonlocke/Desktop/GreekRomanTexts/texts/Greece_Plato_TheMento.txt
6,17,17,file:/Users/brandonlocke/Desktop/GreekRomanTexts/texts/Rome_EmperorJulian_Mispogon.txt
6,18,11,file:/Users/brandonlocke/Desktop/GreekRomanTexts/texts/Greece_Plato_Crito.txt
7,0,5,file:/Users/brandonlocke/Desktop/GreekRomanTexts/texts/Rome_Cicero_SelectedLettersShuckburgh.txt
7,1,2,file:/Users/brandonlocke/Desktop/GreekRomanTexts/texts/Rome_Cicero_OnFriendshipOrLaelius.txt
7,2,7,file:/Users/brandonlocke/Desktop/GreekRomanTexts/texts/Rome_Cicero_OldAge.txt
7,3,14,file:/Users/brandonlocke/Desktop/GreekRomanTexts/texts/Rome_MarcusAureliusAntonius_Meditations.txt
7,4,17,file:/Users/brandonlocke/Desktop/GreekRomanTexts/texts/Rome_EmperorJulian_Mispogon.txt
7,5,1,file:/Users/brandonlocke/Desktop/GreekRomanTexts/texts/Greece_Plato_Republic.txt
7,6,18,file:/Users/brandonlocke/Desktop/GreekRomanTexts/texts/Greece_Plato_Phaedrus.txt
7,7,16,file:/Users/brandonlocke/Desktop/GreekRomanTexts/texts/Greece_Aristotle_NicomacheanEthics.txt
7,8,15,file:/Users/brandonlocke/Desktop/GreekRomanTexts/texts/Greece_Aristotle_Metaphysics.txt
7,9,13,file:/Users/brandonlocke/Desktop/GreekRomanTexts/texts/Rome_Plotinus_SixEnneads.txt
7,10,12,file:/Users/brandonlocke/Desktop/GreekRomanTexts/texts/Greece_Aristotle_Physics.txt
7,11,11,file:/Users/brandonlocke/Desktop/GreekRomanTexts/texts/Greece_Plato_Crito.txt
7,12,10,file:/Users/brandonlocke/Desktop/GreekRomanTexts/texts/Greece_Plato_Symposium.txt
7,13,9,file:/Users/brandonlocke/Desktop/GreekRomanTexts/texts/Greece_Plato_Phaedo.txt
7,14,8,file:/Users/brandonlocke/Desktop/GreekRomanTexts/texts/Greece_Plato_TheMento.txt
7,15,6,file:/Users/brandonlocke/Desktop/GreekRomanTexts/texts/Greece_Xenophon_TheSymposium.txt
7,16,4,file:/Users/brandonlocke/Desktop/GreekRomanTexts/texts/Greece_Aristotle_politics.txt
7,17,3,file:/Users/brandonlocke/Desktop/GreekRomanTexts/texts/Greece_Aristotle_Poetics.txt
7,18,0,file:/Users/brandonlocke/Desktop/GreekRomanTexts/texts/Greece_Plato_Gorgias.txt
8,0,13,file:/Users/brandonlocke/Desktop/GreekRomanTexts/texts/Rome_Plotinus_SixEnneads.txt
8,1,4,file:/Users/brandonlocke/Desktop/GreekRomanTexts/texts/Greece_Aristotle_politics.txt
8,2,12,file:/Users/brandonlocke/Desktop/GreekRomanTexts/texts/Greece_Aristotle_Physics.txt
8,3,15,file:/Users/brandonlocke/Desktop/GreekRomanTexts/texts/Greece_Aristotle_Metaphysics.txt
8,4,1,file:/Users/brandonlocke/Desktop/GreekRomanTexts/texts/Greece_Plato_Republic.txt
8,5,16,file:/Users/brandonlocke/Desktop/GreekRomanTexts/texts/Greece_Aristotle_NicomacheanEthics.txt
8,6,3,file:/Users/brandonlocke/Desktop/GreekRomanTexts/texts/Greece_Aristotle_Poetics.txt
8,7,14,file:/Users/brandonlocke/Desktop/GreekRomanTexts/texts/Rome_MarcusAureliusAntonius_Meditations.txt
8,8,5,file:/Users/brandonlocke/Desktop/GreekRomanTexts/texts/Rome_Cicero_SelectedLettersShuckburgh.txt
8,9,9,file:/Users/brandonlocke/Desktop/GreekRomanTexts/texts/Greece_Plato_Phaedo.txt
8,10,0,file:/Users/brandonlocke/Desktop/GreekRomanTexts/texts/Greece_Plato_Gorgias.txt
8,11,2,file:/Users/brandonlocke/Desktop/GreekRomanTexts/texts/Rome_Cicero_OnFriendshipOrLaelius.txt
8,12,18,file:/Users/brandonlocke/Desktop/GreekRomanTexts/texts/Greece_Plato_Phaedrus.txt
8,13,10,file:/Users/brandonlocke/Desktop/GreekRomanTexts/texts/Greece_Plato_Symposium.txt
8,14,6,file:/Users/brandonlocke/Desktop/GreekRomanTexts/texts/Greece_Xenophon_TheSymposium.txt
8,15,7,file:/Users/brandonlocke/Desktop/GreekRomanTexts/texts/Rome_Cicero_OldAge.txt
8,16,8,file:/Users/brandonlocke/Desktop/GreekRomanTexts/texts/Greece_Plato_TheMento.txt
8,17,17,file:/Users/brandonlocke/Desktop/GreekRomanTexts/texts/Rome_EmperorJulian_Mispogon.txt
8,18,11,file:/Users/brandonlocke/Desktop/GreekRomanTexts/texts/Greece_Plato_Crito.txt
9,0,13,file:/Users/brandonlocke/Desktop/GreekRomanTexts/texts/Rome_Plotinus_SixEnneads.txt
9,1,4,file:/Users/brandonlocke/Desktop/GreekRomanTexts/texts/Greece_Aristotle_politics.txt
9,2,3,file:/Users/brandonlocke/Desktop/GreekRomanTexts/texts/Greece_Aristotle_Poetics.txt
9,3,12,file:/Users/brandonlocke/Desktop/GreekRomanTexts/texts/Greece_Aristotle_Physics.txt
9,4,10,file:/Users/brandonlocke/Desktop/GreekRomanTexts/texts/Greece_Plato_Symposium.txt
9,5,15,file:/Users/brandonlocke/Desktop/GreekRomanTexts/texts/Greece_Aristotle_Metaphysics.txt
9,6,7,file:/Users/brandonlocke/Desktop/GreekRomanTexts/texts/Rome_Cicero_OldAge.txt
9,7,17,file:/Users/brandonlocke/Desktop/GreekRomanTexts/texts/Rome_EmperorJulian_Mispogon.txt
9,8,11,file:/Users/brandonlocke/Desktop/GreekRomanTexts/texts/Greece_Plato_Crito.txt
9,9,8,file:/Users/brandonlocke/Desktop/GreekRomanTexts/texts/Greece_Plato_TheMento.txt
9,10,5,file:/Users/brandonlocke/Desktop/GreekRomanTexts/texts/Rome_Cicero_SelectedLettersShuckburgh.txt
9,11,18,file:/Users/brandonlocke/Desktop/GreekRomanTexts/texts/Greece_Plato_Phaedrus.txt
9,12,16,file:/Users/brandonlocke/Desktop/GreekRomanTexts/texts/Greece_Aristotle_NicomacheanEthics.txt
9,13,14,file:/Users/brandonlocke/Desktop/GreekRomanTexts/texts/Rome_MarcusAureliusAntonius_Meditations.txt
9,14,9,file:/Users/brandonlocke/Desktop/GreekRomanTexts/texts/Greece_Plato_Phaedo.txt
9,15,6,file:/Users/brandonlocke/Desktop/GreekRomanTexts/texts/Greece_Xenophon_TheSymposium.txt
9,16,2,file:/Users/brandonlocke/Desktop/GreekRomanTexts/texts/Rome_Cicero_OnFriendshipOrLaelius.txt
9,17,1,file:/Users/brandonlocke/Desktop/GreekRomanTexts/texts/Greece_Plato_Republic.txt
9,18,0,file:/Users/brandonlocke/Desktop/GreekRomanTexts/texts/Greece_Plato_Gorgias.txt
10,0,15,file:/Users/brandonlocke/Desktop/GreekRomanTexts/texts/Greece_Aristotle_Metaphysics.txt
10,1,12,file:/Users/brandonlocke/Desktop/GreekRomanTexts/texts/Greece_Aristotle_Physics.txt
10,2,13,file:/Users/brandonlocke/Desktop/GreekRomanTexts/texts/Rome_Plotinus_SixEnneads.txt
10,3,16,file:/Users/brandonlocke/Desktop/GreekRomanTexts/texts/Greece_Aristotle_NicomacheanEthics.txt
10,4,3,file:/Users/brandonlocke/Desktop/GreekRomanTexts/texts/Greece_Aristotle_Poetics.txt
10,5,9,file:/Users/brandonlocke/Desktop/GreekRomanTexts/texts/Greece_Plato_Phaedo.txt
10,6,8,file:/Users/brandonlocke/Desktop/GreekRomanTexts/texts/Greece_Plato_TheMento.txt
10,7,1,file:/Users/brandonlocke/Desktop/GreekRomanTexts/texts/Greece_Plato_Republic.txt
10,8,7,file:/Users/brandonlocke/Desktop/GreekRomanTexts/texts/Rome_Cicero_OldAge.txt
10,9,10,file:/Users/brandonlocke/Desktop/GreekRomanTexts/texts/Greece_Plato_Symposium.txt
10,10,4,file:/Users/brandonlocke/Desktop/GreekRomanTexts/texts/Greece_Aristotle_politics.txt
10,11,17,file:/Users/brandonlocke/Desktop/GreekRomanTexts/texts/Rome_EmperorJulian_Mispogon.txt
10,12,6,file:/Users/brandonlocke/Desktop/GreekRomanTexts/texts/Greece_Xenophon_TheSymposium.txt
10,13,0,file:/Users/brandonlocke/Desktop/GreekRomanTexts/texts/Greece_Plato_Gorgias.txt
10,14,18,file:/Users/brandonlocke/Desktop/GreekRomanTexts/texts/Greece_Plato_Phaedrus.txt
10,15,14,file:/Users/brandonlocke/Desktop/GreekRomanTexts/texts/Rome_MarcusAureliusAntonius_Meditations.txt
10,16,11,file:/Users/brandonlocke/Desktop/GreekRomanTexts/texts/Greece_Plato_Crito.txt
10,17,5,file:/Users/brandonlocke/Desktop/GreekRomanTexts/texts/Rome_Cicero_SelectedLettersShuckburgh.txt
10,18,2,file:/Users/brandonlocke/Desktop/GreekRomanTexts/texts/Rome_Cicero_OnFriendshipOrLaelius.txt
11,0,13,file:/Users/brandonlocke/Desktop/GreekRomanTexts/texts/Rome_Plotinus_SixEnneads.txt
11,1,3,file:/Users/brandonlocke/Desktop/GreekRomanTexts/texts/Greece_Aristotle_Poetics.txt
11,2,10,file:/Users/brandonlocke/Desktop/GreekRomanTexts/texts/Greece_Plato_Symposium.txt
11,3,16,file:/Users/brandonlocke/Desktop/GreekRomanTexts/texts/Greece_Aristotle_NicomacheanEthics.txt
11,4,0,file:/Users/brandonlocke/Desktop/GreekRomanTexts/texts/Greece_Plato_Gorgias.txt
11,5,18,file:/Users/brandonlocke/Desktop/GreekRomanTexts/texts/Greece_Plato_Phaedrus.txt
11,6,17,file:/Users/brandonlocke/Desktop/GreekRomanTexts/texts/Rome_EmperorJulian_Mispogon.txt
11,7,15,file:/Users/brandonlocke/Desktop/GreekRomanTexts/texts/Greece_Aristotle_Metaphysics.txt
11,8,14,file:/Users/brandonlocke/Desktop/GreekRomanTexts/texts/Rome_MarcusAureliusAntonius_Meditations.txt
11,9,12,file:/Users/brandonlocke/Desktop/GreekRomanTexts/texts/Greece_Aristotle_Physics.txt
11,10,11,file:/Users/brandonlocke/Desktop/GreekRomanTexts/texts/Greece_Plato_Crito.txt
11,11,9,file:/Users/brandonlocke/Desktop/GreekRomanTexts/texts/Greece_Plato_Phaedo.txt
11,12,8,file:/Users/brandonlocke/Desktop/GreekRomanTexts/texts/Greece_Plato_TheMento.txt
11,13,7,file:/Users/brandonlocke/Desktop/GreekRomanTexts/texts/Rome_Cicero_OldAge.txt
11,14,6,file:/Users/brandonlocke/Desktop/GreekRomanTexts/texts/Greece_Xenophon_TheSymposium.txt
11,15,5,file:/Users/brandonlocke/Desktop/GreekRomanTexts/texts/Rome_Cicero_SelectedLettersShuckburgh.txt
11,16,4,file:/Users/brandonlocke/Desktop/GreekRomanTexts/texts/Greece_Aristotle_politics.txt
11,17,2,file:/Users/brandonlocke/Desktop/GreekRomanTexts/texts/Rome_Cicero_OnFriendshipOrLaelius.txt
11,18,1,file:/Users/brandonlocke/Desktop/GreekRomanTexts/texts/Greece_Plato_Republic.txt
12,0,1,file:/Users/brandonlocke/Desktop/GreekRomanTexts/texts/Greece_Plato_Republic.txt
12,1,11,file:/Users/brandonlocke/Desktop/GreekRomanTexts/texts/Greece_Plato_Crito.txt
12,2,4,file:/Users/brandonlocke/Desktop/GreekRomanTexts/texts/Greece_Aristotle_politics.txt
12,3,18,file:/Users/brandonlocke/Desktop/GreekRomanTexts/texts/Greece_Plato_Phaedrus.txt
12,4,15,file:/Users/brandonlocke/Desktop/GreekRomanTexts/texts/Greece_Aristotle_Metaphysics.txt
12,5,5,file:/Users/brandonlocke/Desktop/GreekRomanTexts/texts/Rome_Cicero_SelectedLettersShuckburgh.txt
12,6,17,file:/Users/brandonlocke/Desktop/GreekRomanTexts/texts/Rome_EmperorJulian_Mispogon.txt
12,7,16,file:/Users/brandonlocke/Desktop/GreekRomanTexts/texts/Greece_Aristotle_NicomacheanEthics.txt
12,8,14,file:/Users/brandonlocke/Desktop/GreekRomanTexts/texts/Rome_MarcusAureliusAntonius_Meditations.txt
12,9,13,file:/Users/brandonlocke/Desktop/GreekRomanTexts/texts/Rome_Plotinus_SixEnneads.txt
12,10,12,file:/Users/brandonlocke/Desktop/GreekRomanTexts/texts/Greece_Aristotle_Physics.txt
12,11,10,file:/Users/brandonlocke/Desktop/GreekRomanTexts/texts/Greece_Plato_Symposium.txt
12,12,9,file:/Users/brandonlocke/Desktop/GreekRomanTexts/texts/Greece_Plato_Phaedo.txt
12,13,8,file:/Users/brandonlocke/Desktop/GreekRomanTexts/texts/Greece_Plato_TheMento.txt
12,14,7,file:/Users/brandonlocke/Desktop/GreekRomanTexts/texts/Rome_Cicero_OldAge.txt
12,15,6,file:/Users/brandonlocke/Desktop/GreekRomanTexts/texts/Greece_Xenophon_TheSymposium.txt
12,16,3,file:/Users/brandonlocke/Desktop/GreekRomanTexts/texts/Greece_Aristotle_Poetics.txt
12,17,2,file:/Users/brandonlocke/Desktop/GreekRomanTexts/texts/Rome_Cicero_OnFriendshipOrLaelius.txt
12,18,0,file:/Users/brandonlocke/Desktop/GreekRomanTexts/texts/Greece_Plato_Gorgias.txt
13,0,16,file:/Users/brandonlocke/Desktop/GreekRomanTexts/texts/Greece_Aristotle_NicomacheanEthics.txt
13,1,4,file:/Users/brandonlocke/Desktop/GreekRomanTexts/texts/Greece_Aristotle_politics.txt
13,2,2,file:/Users/brandonlocke/Desktop/GreekRomanTexts/texts/Rome_Cicero_OnFriendshipOrLaelius.txt
13,3,1,file:/Users/brandonlocke/Desktop/GreekRomanTexts/texts/Greece_Plato_Republic.txt
13,4,0,file:/Users/brandonlocke/Desktop/GreekRomanTexts/texts/Greece_Plato_Gorgias.txt
13,5,6,file:/Users/brandonlocke/Desktop/GreekRomanTexts/texts/Greece_Xenophon_TheSymposium.txt
13,6,13,file:/Users/brandonlocke/Desktop/GreekRomanTexts/texts/Rome_Plotinus_SixEnneads.txt
13,7,14,file:/Users/brandonlocke/Desktop/GreekRomanTexts/texts/Rome_MarcusAureliusAntonius_Meditations.txt
13,8,10,file:/Users/brandonlocke/Desktop/GreekRomanTexts/texts/Greece_Plato_Symposium.txt
13,9,5,file:/Users/brandonlocke/Desktop/GreekRomanTexts/texts/Rome_Cicero_SelectedLettersShuckburgh.txt
13,10,7,file:/Users/brandonlocke/Desktop/GreekRomanTexts/texts/Rome_Cicero_OldAge.txt
13,11,15,file:/Users/brandonlocke/Desktop/GreekRomanTexts/texts/Greece_Aristotle_Metaphysics.txt
13,12,9,file:/Users/brandonlocke/Desktop/GreekRomanTexts/texts/Greece_Plato_Phaedo.txt
13,13,18,file:/Users/brandonlocke/Desktop/GreekRomanTexts/texts/Greece_Plato_Phaedrus.txt
13,14,17,file:/Users/brandonlocke/Desktop/GreekRomanTexts/texts/Rome_EmperorJulian_Mispogon.txt
13,15,3,file:/Users/brandonlocke/Desktop/GreekRomanTexts/texts/Greece_Aristotle_Poetics.txt
13,16,12,file:/Users/brandonlocke/Desktop/GreekRomanTexts/texts/Greece_Aristotle_Physics.txt
13,17,11,file:/Users/brandonlocke/Desktop/GreekRomanTexts/texts/Greece_Plato_Crito.txt
13,18,8,file:/Users/brandonlocke/Desktop/GreekRomanTexts/texts/Greece_Plato_TheMento.txt
14,0,13,file:/Users/brandonlocke/Desktop/GreekRomanTexts/texts/Rome_Plotinus_SixEnneads.txt
14,1,12,file:/Users/brandonlocke/Desktop/GreekRomanTexts/texts/Greece_Aristotle_Physics.txt
14,2,15,file:/Users/brandonlocke/Desktop/GreekRomanTexts/texts/Greece_Aristotle_Metaphysics.txt
14,3,1,file:/Users/brandonlocke/Desktop/GreekRomanTexts/texts/Greece_Plato_Republic.txt
14,4,16,file:/Users/brandonlocke/Desktop/GreekRomanTexts/texts/Greece_Aristotle_NicomacheanEthics.txt
14,5,4,file:/Users/brandonlocke/Desktop/GreekRomanTexts/texts/Greece_Aristotle_politics.txt
14,6,18,file:/Users/brandonlocke/Desktop/GreekRomanTexts/texts/Greece_Plato_Phaedrus.txt
14,7,5,file:/Users/brandonlocke/Desktop/GreekRomanTexts/texts/Rome_Cicero_SelectedLettersShuckburgh.txt
14,8,2,file:/Users/brandonlocke/Desktop/GreekRomanTexts/texts/Rome_Cicero_OnFriendshipOrLaelius.txt
14,9,14,file:/Users/brandonlocke/Desktop/GreekRomanTexts/texts/Rome_MarcusAureliusAntonius_Meditations.txt
14,10,9,file:/Users/brandonlocke/Desktop/GreekRomanTexts/texts/Greece_Plato_Phaedo.txt
14,11,3,file:/Users/brandonlocke/Desktop/GreekRomanTexts/texts/Greece_Aristotle_Poetics.txt
14,12,10,file:/Users/brandonlocke/Desktop/GreekRomanTexts/texts/Greece_Plato_Symposium.txt
14,13,6,file:/Users/brandonlocke/Desktop/GreekRomanTexts/texts/Greece_Xenophon_TheSymposium.txt
14,14,7,file:/Users/brandonlocke/Desktop/GreekRomanTexts/texts/Rome_Cicero_OldAge.txt
14,15,0,file:/Users/brandonlocke/Desktop/GreekRomanTexts/texts/Greece_Plato_Gorgias.txt
14,16,17,file:/Users/brandonlocke/Desktop/GreekRomanTexts/texts/Rome_EmperorJulian_Mispogon.txt
14,17,11,file:/Users/brandonlocke/Desktop/GreekRomanTexts/texts/Greece_Plato_Crito.txt
14,18,8,file:/Users/brandonlocke/Desktop/GreekRomanTexts/texts/Greece_Plato_TheMento.txt
15,0,15,file:/Users/brandonlocke/Desktop/GreekRomanTexts/texts/Greece_Aristotle_Metaphysics.txt
15,1,13,file:/Users/brandonlocke/Desktop/GreekRomanTexts/texts/Rome_Plotinus_SixEnneads.txt
15,2,12,file:/Users/brandonlocke/Desktop/GreekRomanTexts/texts/Greece_Aristotle_Physics.txt
15,3,16,file:/Users/brandonlocke/Desktop/GreekRomanTexts/texts/Greece_Aristotle_NicomacheanEthics.txt
15,4,1,file:/Users/brandonlocke/Desktop/GreekRomanTexts/texts/Greece_Plato_Republic.txt
15,5,3,file:/Users/brandonlocke/Desktop/GreekRomanTexts/texts/Greece_Aristotle_Poetics.txt
15,6,9,file:/Users/brandonlocke/Desktop/GreekRomanTexts/texts/Greece_Plato_Phaedo.txt
15,7,14,file:/Users/brandonlocke/Desktop/GreekRomanTexts/texts/Rome_MarcusAureliusAntonius_Meditations.txt
15,8,4,file:/Users/brandonlocke/Desktop/GreekRomanTexts/texts/Greece_Aristotle_politics.txt
15,9,5,file:/Users/brandonlocke/Desktop/GreekRomanTexts/texts/Rome_Cicero_SelectedLettersShuckburgh.txt
15,10,0,file:/Users/brandonlocke/Desktop/GreekRomanTexts/texts/Greece_Plato_Gorgias.txt
15,11,18,file:/Users/brandonlocke/Desktop/GreekRomanTexts/texts/Greece_Plato_Phaedrus.txt
15,12,17,file:/Users/brandonlocke/Desktop/GreekRomanTexts/texts/Rome_EmperorJulian_Mispogon.txt
15,13,11,file:/Users/brandonlocke/Desktop/GreekRomanTexts/texts/Greece_Plato_Crito.txt
15,14,10,file:/Users/brandonlocke/Desktop/GreekRomanTexts/texts/Greece_Plato_Symposium.txt
15,15,8,file:/Users/brandonlocke/Desktop/GreekRomanTexts/texts/Greece_Plato_TheMento.txt
15,16,7,file:/Users/brandonlocke/Desktop/GreekRomanTexts/texts/Rome_Cicero_OldAge.txt
15,17,6,file:/Users/brandonlocke/Desktop/GreekRomanTexts/texts/Greece_Xenophon_TheSymposium.txt
15,18,2,file:/Users/brandonlocke/Desktop/GreekRomanTexts/texts/Rome_Cicero_OnFriendshipOrLaelius.txt
16,0,1,file:/Users/brandonlocke/Desktop/GreekRomanTexts/texts/Greece_Plato_Republic.txt
16,1,4,file:/Users/brandonlocke/Desktop/GreekRomanTexts/texts/Greece_Aristotle_politics.txt
16,2,0,file:/Users/brandonlocke/Desktop/GreekRomanTexts/texts/Greece_Plato_Gorgias.txt
16,3,18,file:/Users/brandonlocke/Desktop/GreekRomanTexts/texts/Greece_Plato_Phaedrus.txt
16,4,5,file:/Users/brandonlocke/Desktop/GreekRomanTexts/texts/Rome_Cicero_SelectedLettersShuckburgh.txt
16,5,13,file:/Users/brandonlocke/Desktop/GreekRomanTexts/texts/Rome_Plotinus_SixEnneads.txt
16,6,10,file:/Users/brandonlocke/Desktop/GreekRomanTexts/texts/Greece_Plato_Symposium.txt
16,7,9,file:/Users/brandonlocke/Desktop/GreekRomanTexts/texts/Greece_Plato_Phaedo.txt
16,8,16,file:/Users/brandonlocke/Desktop/GreekRomanTexts/texts/Greece_Aristotle_NicomacheanEthics.txt
16,9,14,file:/Users/brandonlocke/Desktop/GreekRomanTexts/texts/Rome_MarcusAureliusAntonius_Meditations.txt
16,10,17,file:/Users/brandonlocke/Desktop/GreekRomanTexts/texts/Rome_EmperorJulian_Mispogon.txt
16,11,6,file:/Users/brandonlocke/Desktop/GreekRomanTexts/texts/Greece_Xenophon_TheSymposium.txt
16,12,8,file:/Users/brandonlocke/Desktop/GreekRomanTexts/texts/Greece_Plato_TheMento.txt
16,13,7,file:/Users/brandonlocke/Desktop/GreekRomanTexts/texts/Rome_Cicero_OldAge.txt
16,14,11,file:/Users/brandonlocke/Desktop/GreekRomanTexts/texts/Greece_Plato_Crito.txt
16,15,2,file:/Users/brandonlocke/Desktop/GreekRomanTexts/texts/Rome_Cicero_OnFriendshipOrLaelius.txt
16,16,15,file:/Users/brandonlocke/Desktop/GreekRomanTexts/texts/Greece_Aristotle_Metaphysics.txt
16,17,3,file:/Users/brandonlocke/Desktop/GreekRomanTexts/texts/Greece_Aristotle_Poetics.txt
16,18,12,file:/Users/brandonlocke/Desktop/GreekRomanTexts/texts/Greece_Aristotle_Physics.txt
17,0,4,file:/Users/brandonlocke/Desktop/GreekRomanTexts/texts/Greece_Aristotle_politics.txt
17,1,1,file:/Users/brandonlocke/Desktop/GreekRomanTexts/texts/Greece_Plato_Republic.txt
17,2,16,file:/Users/brandonlocke/Desktop/GreekRomanTexts/texts/Greece_Aristotle_NicomacheanEthics.txt
17,3,18,file:/Users/brandonlocke/Desktop/GreekRomanTexts/texts/Greece_Plato_Phaedrus.txt
17,4,3,file:/Users/brandonlocke/Desktop/GreekRomanTexts/texts/Greece_Aristotle_Poetics.txt
17,5,2,file:/Users/brandonlocke/Desktop/GreekRomanTexts/texts/Rome_Cicero_OnFriendshipOrLaelius.txt
17,6,17,file:/Users/brandonlocke/Desktop/GreekRomanTexts/texts/Rome_EmperorJulian_Mispogon.txt
17,7,15,file:/Users/brandonlocke/Desktop/GreekRomanTexts/texts/Greece_Aristotle_Metaphysics.txt
17,8,14,file:/Users/brandonlocke/Desktop/GreekRomanTexts/texts/Rome_MarcusAureliusAntonius_Meditations.txt
17,9,13,file:/Users/brandonlocke/Desktop/GreekRomanTexts/texts/Rome_Plotinus_SixEnneads.txt
17,10,12,file:/Users/brandonlocke/Desktop/GreekRomanTexts/texts/Greece_Aristotle_Physics.txt
17,11,11,file:/Users/brandonlocke/Desktop/GreekRomanTexts/texts/Greece_Plato_Crito.txt
17,12,10,file:/Users/brandonlocke/Desktop/GreekRomanTexts/texts/Greece_Plato_Symposium.txt
17,13,9,file:/Users/brandonlocke/Desktop/GreekRomanTexts/texts/Greece_Plato_Phaedo.txt
17,14,8,file:/Users/brandonlocke/Desktop/GreekRomanTexts/texts/Greece_Plato_TheMento.txt
17,15,7,file:/Users/brandonlocke/Desktop/GreekRomanTexts/texts/Rome_Cicero_OldAge.txt
17,16,6,file:/Users/brandonlocke/Desktop/GreekRomanTexts/texts/Greece_Xenophon_TheSymposium.txt
17,17,5,file:/Users/brandonlocke/Desktop/GreekRomanTexts/texts/Rome_Cicero_SelectedLettersShuckburgh.txt
17,18,0,file:/Users/brandonlocke/Desktop/GreekRomanTexts/texts/Greece_Plato_Gorgias.txt
18,0,16,file:/Users/brandonlocke/Desktop/GreekRomanTexts/texts/Greece_Aristotle_NicomacheanEthics.txt
18,1,1,file:/Users/brandonlocke/Desktop/GreekRomanTexts/texts/Greece_Plato_Republic.txt
18,2,4,file:/Users/brandonlocke/Desktop/GreekRomanTexts/texts/Greece_Aristotle_politics.txt
18,3,13,file:/Users/brandonlocke/Desktop/GreekRomanTexts/texts/Rome_Plotinus_SixEnneads.txt
18,4,0,file:/Users/brandonlocke/Desktop/GreekRomanTexts/texts/Greece_Plato_Gorgias.txt
18,5,9,file:/Users/brandonlocke/Desktop/GreekRomanTexts/texts/Greece_Plato_Phaedo.txt
18,6,18,file:/Users/brandonlocke/Desktop/GreekRomanTexts/texts/Greece_Plato_Phaedrus.txt
18,7,10,file:/Users/brandonlocke/Desktop/GreekRomanTexts/texts/Greece_Plato_Symposium.txt
18,8,5,file:/Users/brandonlocke/Desktop/GreekRomanTexts/texts/Rome_Cicero_SelectedLettersShuckburgh.txt
18,9,3,file:/Users/brandonlocke/Desktop/GreekRomanTexts/texts/Greece_Aristotle_Poetics.txt
18,10,2,file:/Users/brandonlocke/Desktop/GreekRomanTexts/texts/Rome_Cicero_OnFriendshipOrLaelius.txt
18,11,17,file:/Users/brandonlocke/Desktop/GreekRomanTexts/texts/Rome_EmperorJulian_Mispogon.txt
18,12,8,file:/Users/brandonlocke/Desktop/GreekRomanTexts/texts/Greece_Plato_TheMento.txt
18,13,15,file:/Users/brandonlocke/Desktop/GreekRomanTexts/texts/Greece_Aristotle_Metaphysics.txt
18,14,14,file:/Users/brandonlocke/Desktop/GreekRomanTexts/texts/Rome_MarcusAureliusAntonius_Meditations.txt
18,15,7,file:/Users/brandonlocke/Desktop/GreekRomanTexts/texts/Rome_Cicero_OldAge.txt
18,16,6,file:/Users/brandonlocke/Desktop/GreekRomanTexts/texts/Greece_Xenophon_TheSymposium.txt
18,17,11,file:/Users/brandonlocke/Desktop/GreekRomanTexts/texts/Greece_Plato_Crito.txt
18,18,12,file:/Users/brandonlocke/Desktop/GreekRomanTexts/texts/Greece_Aristotle_Physics.txt
19,0,13,file:/Users/brandonlocke/Desktop/GreekRomanTexts/texts/Rome_Plotinus_SixEnneads.txt
19,1,14,file:/Users/brandonlocke/Desktop/GreekRomanTexts/texts/Rome_MarcusAureliusAntonius_Meditations.txt
19,2,1,file:/Users/brandonlocke/Desktop/GreekRomanTexts/texts/Greece_Plato_Republic.txt
19,3,4,file:/Users/brandonlocke/Desktop/GreekRomanTexts/texts/Greece_Aristotle_politics.txt
19,4,9,file:/Users/brandonlocke/Desktop/GreekRomanTexts/texts/Greece_Plato_Phaedo.txt
19,5,18,file:/Users/brandonlocke/Desktop/GreekRomanTexts/texts/Greece_Plato_Phaedrus.txt
19,6,16,file:/Users/brandonlocke/Desktop/GreekRomanTexts/texts/Greece_Aristotle_NicomacheanEthics.txt
19,7,5,file:/Users/brandonlocke/Desktop/GreekRomanTexts/texts/Rome_Cicero_SelectedLettersShuckburgh.txt
19,8,10,file:/Users/brandonlocke/Desktop/GreekRomanTexts/texts/Greece_Plato_Symposium.txt
19,9,0,file:/Users/brandonlocke/Desktop/GreekRomanTexts/texts/Greece_Plato_Gorgias.txt
19,10,7,file:/Users/brandonlocke/Desktop/GreekRomanTexts/texts/Rome_Cicero_OldAge.txt
19,11,17,file:/Users/brandonlocke/Desktop/GreekRomanTexts/texts/Rome_EmperorJulian_Mispogon.txt
19,12,6,file:/Users/brandonlocke/Desktop/GreekRomanTexts/texts/Greece_Xenophon_TheSymposium.txt
19,13,2,file:/Users/brandonlocke/Desktop/GreekRomanTexts/texts/Rome_Cicero_OnFriendshipOrLaelius.txt
19,14,11,file:/Users/brandonlocke/Desktop/GreekRomanTexts/texts/Greece_Plato_Crito.txt
19,15,15,file:/Users/brandonlocke/Desktop/GreekRomanTexts/texts/Greece_Aristotle_Metaphysics.txt
19,16,8,file:/Users/brandonlocke/Desktop/GreekRomanTexts/texts/Greece_Plato_TheMento.txt
19,17,3,file:/Users/brandonlocke/Desktop/GreekRomanTexts/texts/Greece_Aristotle_Poetics.txt
19,18,12,file:/Users/brandonlocke/Desktop/GreekRomanTexts/texts/Greece_Aristotle_Physics.txt
20,0,13,file:/Users/brandonlocke/Desktop/GreekRomanTexts/texts/Rome_Plotinus_SixEnneads.txt
20,1,15,file:/Users/brandonlocke/Desktop/GreekRomanTexts/texts/Greece_Aristotle_Metaphysics.txt
20,2,12,file:/Users/brandonlocke/Desktop/GreekRomanTexts/texts/Greece_Aristotle_Physics.txt
20,3,1,file:/Users/brandonlocke/Desktop/GreekRomanTexts/texts/Greece_Plato_Republic.txt
20,4,16,file:/Users/brandonlocke/Desktop/GreekRomanTexts/texts/Greece_Aristotle_NicomacheanEthics.txt
20,5,4,file:/Users/brandonlocke/Desktop/GreekRomanTexts/texts/Greece_Aristotle_politics.txt
20,6,9,file:/Users/brandonlocke/Desktop/GreekRomanTexts/texts/Greece_Plato_Phaedo.txt
20,7,14,file:/Users/brandonlocke/Desktop/GreekRomanTexts/texts/Rome_MarcusAureliusAntonius_Meditations.txt
20,8,3,file:/Users/brandonlocke/Desktop/GreekRomanTexts/texts/Greece_Aristotle_Poetics.txt
20,9,7,file:/Users/brandonlocke/Desktop/GreekRomanTexts/texts/Rome_Cicero_OldAge.txt
20,10,18,file:/Users/brandonlocke/Desktop/GreekRomanTexts/texts/Greece_Plato_Phaedrus.txt
20,11,2,file:/Users/brandonlocke/Desktop/GreekRomanTexts/texts/Rome_Cicero_OnFriendshipOrLaelius.txt
20,12,8,file:/Users/brandonlocke/Desktop/GreekRomanTexts/texts/Greece_Plato_TheMento.txt
20,13,17,file:/Users/brandonlocke/Desktop/GreekRomanTexts/texts/Rome_EmperorJulian_Mispogon.txt
20,14,11,file:/Users/brandonlocke/Desktop/GreekRomanTexts/texts/Greece_Plato_Crito.txt
20,15,10,file:/Users/brandonlocke/Desktop/GreekRomanTexts/texts/Greece_Plato_Symposium.txt
20,16,6,file:/Users/brandonlocke/Desktop/GreekRomanTexts/texts/Greece_Xenophon_TheSymposium.txt
20,17,5,file:/Users/brandonlocke/Desktop/GreekRomanTexts/texts/Rome_Cicero_SelectedLettersShuckburgh.txt
20,18,0,file:/Users/brandonlocke/Desktop/GreekRomanTexts/texts/Greece_Plato_Gorgias.txt
21,0,17,file:/Users/brandonlocke/Desktop/GreekRomanTexts/texts/Rome_EmperorJulian_Mispogon.txt
21,1,6,file:/Users/brandonlocke/Desktop/GreekRomanTexts/texts/Greece_Xenophon_TheSymposium.txt
21,2,1,file:/Users/brandonlocke/Desktop/GreekRomanTexts/texts/Greece_Plato_Republic.txt
21,3,14,file:/Users/brandonlocke/Desktop/GreekRomanTexts/texts/Rome_MarcusAureliusAntonius_Meditations.txt
21,4,4,file:/Users/brandonlocke/Desktop/GreekRomanTexts/texts/Greece_Aristotle_politics.txt
21,5,5,file:/Users/brandonlocke/Desktop/GreekRomanTexts/texts/Rome_Cicero_SelectedLettersShuckburgh.txt
21,6,3,file:/Users/brandonlocke/Desktop/GreekRomanTexts/texts/Greece_Aristotle_Poetics.txt
21,7,18,file:/Users/brandonlocke/Desktop/GreekRomanTexts/texts/Greece_Plato_Phaedrus.txt
21,8,7,file:/Users/brandonlocke/Desktop/GreekRomanTexts/texts/Rome_Cicero_OldAge.txt
21,9,16,file:/Users/brandonlocke/Desktop/GreekRomanTexts/texts/Greece_Aristotle_NicomacheanEthics.txt
21,10,9,file:/Users/brandonlocke/Desktop/GreekRomanTexts/texts/Greece_Plato_Phaedo.txt
21,11,11,file:/Users/brandonlocke/Desktop/GreekRomanTexts/texts/Greece_Plato_Crito.txt
21,12,0,file:/Users/brandonlocke/Desktop/GreekRomanTexts/texts/Greece_Plato_Gorgias.txt
21,13,15,file:/Users/brandonlocke/Desktop/GreekRomanTexts/texts/Greece_Aristotle_Metaphysics.txt
21,14,13,file:/Users/brandonlocke/Desktop/GreekRomanTexts/texts/Rome_Plotinus_SixEnneads.txt
21,15,12,file:/Users/brandonlocke/Desktop/GreekRomanTexts/texts/Greece_Aristotle_Physics.txt
21,16,10,file:/Users/brandonlocke/Desktop/GreekRomanTexts/texts/Greece_Plato_Symposium.txt
21,17,8,file:/Users/brandonlocke/Desktop/GreekRomanTexts/texts/Greece_Plato_TheMento.txt
21,18,2,file:/Users/brandonlocke/Desktop/GreekRomanTexts/texts/Rome_Cicero_OnFriendshipOrLaelius.txt
22,0,8,file:/Users/brandonlocke/Desktop/GreekRomanTexts/texts/Greece_Plato_TheMento.txt
22,1,1,file:/Users/brandonlocke/Desktop/GreekRomanTexts/texts/Greece_Plato_Republic.txt
22,2,6,file:/Users/brandonlocke/Desktop/GreekRomanTexts/texts/Greece_Xenophon_TheSymposium.txt
22,3,18,file:/Users/brandonlocke/Desktop/GreekRomanTexts/texts/Greece_Plato_Phaedrus.txt
22,4,10,file:/Users/brandonlocke/Desktop/GreekRomanTexts/texts/Greece_Plato_Symposium.txt
22,5,0,file:/Users/brandonlocke/Desktop/GreekRomanTexts/texts/Greece_Plato_Gorgias.txt
22,6,17,file:/Users/brandonlocke/Desktop/GreekRomanTexts/texts/Rome_EmperorJulian_Mispogon.txt
22,7,16,file:/Users/brandonlocke/Desktop/GreekRomanTexts/texts/Greece_Aristotle_NicomacheanEthics.txt
22,8,15,file:/Users/brandonlocke/Desktop/GreekRomanTexts/texts/Greece_Aristotle_Metaphysics.txt
22,9,14,file:/Users/brandonlocke/Desktop/GreekRomanTexts/texts/Rome_MarcusAureliusAntonius_Meditations.txt
22,10,13,file:/Users/brandonlocke/Desktop/GreekRomanTexts/texts/Rome_Plotinus_SixEnneads.txt
22,11,12,file:/Users/brandonlocke/Desktop/GreekRomanTexts/texts/Greece_Aristotle_Physics.txt
22,12,11,file:/Users/brandonlocke/Desktop/GreekRomanTexts/texts/Greece_Plato_Crito.txt
22,13,9,file:/Users/brandonlocke/Desktop/GreekRomanTexts/texts/Greece_Plato_Phaedo.txt
22,14,7,file:/Users/brandonlocke/Desktop/GreekRomanTexts/texts/Rome_Cicero_OldAge.txt
22,15,5,file:/Users/brandonlocke/Desktop/GreekRomanTexts/texts/Rome_Cicero_SelectedLettersShuckburgh.txt
22,16,4,file:/Users/brandonlocke/Desktop/GreekRomanTexts/texts/Greece_Aristotle_politics.txt
22,17,3,file:/Users/brandonlocke/Desktop/GreekRomanTexts/texts/Greece_Aristotle_Poetics.txt
22,18,2,file:/Users/brandonlocke/Desktop/GreekRomanTexts/texts/Rome_Cicero_OnFriendshipOrLaelius.txt
23,0,0,file:/Users/brandonlocke/Desktop/GreekRomanTexts/texts/Greece_Plato_Gorgias.txt
23,1,11,file:/Users/brandonlocke/Desktop/GreekRomanTexts/texts/Greece_Plato_Crito.txt
23,2,18,file:/Users/brandonlocke/Desktop/GreekRomanTexts/texts/Greece_Plato_Phaedrus.txt
23,3,17,file:/Users/brandonlocke/Desktop/GreekRomanTexts/texts/Rome_EmperorJulian_Mispogon.txt
23,4,16,file:/Users/brandonlocke/Desktop/GreekRomanTexts/texts/Greece_Aristotle_NicomacheanEthics.txt
23,5,15,file:/Users/brandonlocke/Desktop/GreekRomanTexts/texts/Greece_Aristotle_Metaphysics.txt
23,6,14,file:/Users/brandonlocke/Desktop/GreekRomanTexts/texts/Rome_MarcusAureliusAntonius_Meditations.txt
23,7,13,file:/Users/brandonlocke/Desktop/GreekRomanTexts/texts/Rome_Plotinus_SixEnneads.txt
23,8,12,file:/Users/brandonlocke/Desktop/GreekRomanTexts/texts/Greece_Aristotle_Physics.txt
23,9,10,file:/Users/brandonlocke/Desktop/GreekRomanTexts/texts/Greece_Plato_Symposium.txt
23,10,9,file:/Users/brandonlocke/Desktop/GreekRomanTexts/texts/Greece_Plato_Phaedo.txt
23,11,8,file:/Users/brandonlocke/Desktop/GreekRomanTexts/texts/Greece_Plato_TheMento.txt
23,12,7,file:/Users/brandonlocke/Desktop/GreekRomanTexts/texts/Rome_Cicero_OldAge.txt
23,13,6,file:/Users/brandonlocke/Desktop/GreekRomanTexts/texts/Greece_Xenophon_TheSymposium.txt
23,14,5,file:/Users/brandonlocke/Desktop/GreekRomanTexts/texts/Rome_Cicero_SelectedLettersShuckburgh.txt
23,15,4,file:/Users/brandonlocke/Desktop/GreekRomanTexts/texts/Greece_Aristotle_politics.txt
23,16,3,file:/Users/brandonlocke/Desktop/GreekRomanTexts/texts/Greece_Aristotle_Poetics.txt
23,17,2,file:/Users/brandonlocke/Desktop/GreekRomanTexts/texts/Rome_Cicero_OnFriendshipOrLaelius.txt
23,18,1,file:/Users/brandonlocke/Desktop/GreekRomanTexts/texts/Greece_Plato_Republic.txt
24,0,13,file:/Users/brandonlocke/Desktop/GreekRomanTexts/texts/Rome_Plotinus_SixEnneads.txt
24,1,1,file:/Users/brandonlocke/Desktop/GreekRomanTexts/texts/Greece_Plato_Republic.txt
24,2,16,file:/Users/brandonlocke/Desktop/GreekRomanTexts/texts/Greece_Aristotle_NicomacheanEthics.txt
24,3,4,file:/Users/brandonlocke/Desktop/GreekRomanTexts/texts/Greece_Aristotle_politics.txt
24,4,5,file:/Users/brandonlocke/Desktop/GreekRomanTexts/texts/Rome_Cicero_SelectedLettersShuckburgh.txt
24,5,15,file:/Users/brandonlocke/Desktop/GreekRomanTexts/texts/Greece_Aristotle_Metaphysics.txt
24,6,12,file:/Users/brandonlocke/Desktop/GreekRomanTexts/texts/Greece_Aristotle_Physics.txt
24,7,14,file:/Users/brandonlocke/Desktop/GreekRomanTexts/texts/Rome_MarcusAureliusAntonius_Meditations.txt
24,8,2,file:/Users/brandonlocke/Desktop/GreekRomanTexts/texts/Rome_Cicero_OnFriendshipOrLaelius.txt
24,9,6,file:/Users/brandonlocke/Desktop/GreekRomanTexts/texts/Greece_Xenophon_TheSymposium.txt
24,10,10,file:/Users/brandonlocke/Desktop/GreekRomanTexts/texts/Greece_Plato_Symposium.txt
24,11,3,file:/Users/brandonlocke/Desktop/GreekRomanTexts/texts/Greece_Aristotle_Poetics.txt
24,12,18,file:/Users/brandonlocke/Desktop/GreekRomanTexts/texts/Greece_Plato_Phaedrus.txt
24,13,17,file:/Users/brandonlocke/Desktop/GreekRomanTexts/texts/Rome_EmperorJulian_Mispogon.txt
24,14,7,file:/Users/brandonlocke/Desktop/GreekRomanTexts/texts/Rome_Cicero_OldAge.txt
24,15,11,file:/Users/brandonlocke/Desktop/GreekRomanTexts/texts/Greece_Plato_Crito.txt
24,16,8,file:/Users/brandonlocke/Desktop/GreekRomanTexts/texts/Greece_Plato_TheMento.txt
24,17,9,file:/Users/brandonlocke/Desktop/GreekRomanTexts/texts/Greece_Plato_Phaedo.txt
24,18,0,file:/Users/brandonlocke/Desktop/GreekRomanTexts/texts/Greece_Plato_Gorgias.txt
25,0,10,file:/Users/brandonlocke/Desktop/GreekRomanTexts/texts/Greece_Plato_Symposium.txt
25,1,18,file:/Users/brandonlocke/Desktop/GreekRomanTexts/texts/Greece_Plato_Phaedrus.txt
25,2,6,file:/Users/brandonlocke/Desktop/GreekRomanTexts/texts/Greece_Xenophon_TheSymposium.txt
25,3,1,file:/Users/brandonlocke/Desktop/GreekRomanTexts/texts/Greece_Plato_Republic.txt
25,4,9,file:/Users/brandonlocke/Desktop/GreekRomanTexts/texts/Greece_Plato_Phaedo.txt
25,5,16,file:/Users/brandonlocke/Desktop/GreekRomanTexts/texts/Greece_Aristotle_NicomacheanEthics.txt
25,6,13,file:/Users/brandonlocke/Desktop/GreekRomanTexts/texts/Rome_Plotinus_SixEnneads.txt
25,7,0,file:/Users/brandonlocke/Desktop/GreekRomanTexts/texts/Greece_Plato_Gorgias.txt
25,8,8,file:/Users/brandonlocke/Desktop/GreekRomanTexts/texts/Greece_Plato_TheMento.txt
25,9,4,file:/Users/brandonlocke/Desktop/GreekRomanTexts/texts/Greece_Aristotle_politics.txt
25,10,17,file:/Users/brandonlocke/Desktop/GreekRomanTexts/texts/Rome_EmperorJulian_Mispogon.txt
25,11,14,file:/Users/brandonlocke/Desktop/GreekRomanTexts/texts/Rome_MarcusAureliusAntonius_Meditations.txt
25,12,7,file:/Users/brandonlocke/Desktop/GreekRomanTexts/texts/Rome_Cicero_OldAge.txt
25,13,11,file:/Users/brandonlocke/Desktop/GreekRomanTexts/texts/Greece_Plato_Crito.txt
25,14,5,file:/Users/brandonlocke/Desktop/GreekRomanTexts/texts/Rome_Cicero_SelectedLettersShuckburgh.txt
25,15,3,file:/Users/brandonlocke/Desktop/GreekRomanTexts/texts/Greece_Aristotle_Poetics.txt
25,16,2,file:/Users/brandonlocke/Desktop/GreekRomanTexts/texts/Rome_Cicero_OnFriendshipOrLaelius.txt
25,17,15,file:/Users/brandonlocke/Desktop/GreekRomanTexts/texts/Greece_Aristotle_Metaphysics.txt
25,18,12,file:/Users/brandonlocke/Desktop/GreekRomanTexts/texts/Greece_Aristotle_Physics.txt
26,0,12,file:/Users/brandonlocke/Desktop/GreekRomanTexts/texts/Greece_Aristotle_Physics.txt
26,1,15,file:/Users/brandonlocke/Desktop/GreekRomanTexts/texts/Greece_Aristotle_Metaphysics.txt
26,2,13,file:/Users/brandonlocke/Desktop/GreekRomanTexts/texts/Rome_Plotinus_SixEnneads.txt
26,3,16,file:/Users/brandonlocke/Desktop/GreekRomanTexts/texts/Greece_Aristotle_NicomacheanEthics.txt
26,4,3,file:/Users/brandonlocke/Desktop/GreekRomanTexts/texts/Greece_Aristotle_Poetics.txt
26,5,4,file:/Users/brandonlocke/Desktop/GreekRomanTexts/texts/Greece_Aristotle_politics.txt
26,6,9,file:/Users/brandonlocke/Desktop/GreekRomanTexts/texts/Greece_Plato_Phaedo.txt
26,7,5,file:/Users/brandonlocke/Desktop/GreekRomanTexts/texts/Rome_Cicero_SelectedLettersShuckburgh.txt
26,8,10,file:/Users/brandonlocke/Desktop/GreekRomanTexts/texts/Greece_Plato_Symposium.txt
26,9,7,file:/Users/brandonlocke/Desktop/GreekRomanTexts/texts/Rome_Cicero_OldAge.txt
26,10,2,file:/Users/brandonlocke/Desktop/GreekRomanTexts/texts/Rome_Cicero_OnFriendshipOrLaelius.txt
26,11,18,file:/Users/brandonlocke/Desktop/GreekRomanTexts/texts/Greece_Plato_Phaedrus.txt
26,12,6,file:/Users/brandonlocke/Desktop/GreekRomanTexts/texts/Greece_Xenophon_TheSymposium.txt
26,13,14,file:/Users/brandonlocke/Desktop/GreekRomanTexts/texts/Rome_MarcusAureliusAntonius_Meditations.txt
26,14,17,file:/Users/brandonlocke/Desktop/GreekRomanTexts/texts/Rome_EmperorJulian_Mispogon.txt
26,15,8,file:/Users/brandonlocke/Desktop/GreekRomanTexts/texts/Greece_Plato_TheMento.txt
26,16,11,file:/Users/brandonlocke/Desktop/GreekRomanTexts/texts/Greece_Plato_Crito.txt
26,17,1,file:/Users/brandonlocke/Desktop/GreekRomanTexts/texts/Greece_Plato_Republic.txt
26,18,0,file:/Users/brandonlocke/Desktop/GreekRomanTexts/texts/Greece_Plato_Gorgias.txt
27,0,15,file:/Users/brandonlocke/Desktop/GreekRomanTexts/texts/Greece_Aristotle_Metaphysics.txt
27,1,16,file:/Users/brandonlocke/Desktop/GreekRomanTexts/texts/Greece_Aristotle_NicomacheanEthics.txt
27,2,12,file:/Users/brandonlocke/Desktop/GreekRomanTexts/texts/Greece_Aristotle_Physics.txt
27,3,13,file:/Users/brandonlocke/Desktop/GreekRomanTexts/texts/Rome_Plotinus_SixEnneads.txt
27,4,3,file:/Users/brandonlocke/Desktop/GreekRomanTexts/texts/Greece_Aristotle_Poetics.txt
27,5,0,file:/Users/brandonlocke/Desktop/GreekRomanTexts/texts/Greece_Plato_Gorgias.txt
27,6,18,file:/Users/brandonlocke/Desktop/GreekRomanTexts/texts/Greece_Plato_Phaedrus.txt
27,7,17,file:/Users/brandonlocke/Desktop/GreekRomanTexts/texts/Rome_EmperorJulian_Mispogon.txt
27,8,14,file:/Users/brandonlocke/Desktop/GreekRomanTexts/texts/Rome_MarcusAureliusAntonius_Meditations.txt
27,9,11,file:/Users/brandonlocke/Desktop/GreekRomanTexts/texts/Greece_Plato_Crito.txt
27,10,10,file:/Users/brandonlocke/Desktop/GreekRomanTexts/texts/Greece_Plato_Symposium.txt
27,11,9,file:/Users/brandonlocke/Desktop/GreekRomanTexts/texts/Greece_Plato_Phaedo.txt
27,12,8,file:/Users/brandonlocke/Desktop/GreekRomanTexts/texts/Greece_Plato_TheMento.txt
27,13,7,file:/Users/brandonlocke/Desktop/GreekRomanTexts/texts/Rome_Cicero_OldAge.txt
27,14,6,file:/Users/brandonlocke/Desktop/GreekRomanTexts/texts/Greece_Xenophon_TheSymposium.txt
27,15,5,file:/Users/brandonlocke/Desktop/GreekRomanTexts/texts/Rome_Cicero_SelectedLettersShuckburgh.txt
27,16,4,file:/Users/brandonlocke/Desktop/GreekRomanTexts/texts/Greece_Aristotle_politics.txt
27,17,2,file:/Users/brandonlocke/Desktop/GreekRomanTexts/texts/Rome_Cicero_OnFriendshipOrLaelius.txt
27,18,1,file:/Users/brandonlocke/Desktop/GreekRomanTexts/texts/Greece_Plato_Republic.txt
28,0,6,file:/Users/brandonlocke/Desktop/GreekRomanTexts/texts/Greece_Xenophon_TheSymposium.txt
28,1,3,file:/Users/brandonlocke/Desktop/GreekRomanTexts/texts/Greece_Aristotle_Poetics.txt
28,2,5,file:/Users/brandonlocke/Desktop/GreekRomanTexts/texts/Rome_Cicero_SelectedLettersShuckburgh.txt
28,3,7,file:/Users/brandonlocke/Desktop/GreekRomanTexts/texts/Rome_Cicero_OldAge.txt
28,4,2,file:/Users/brandonlocke/Desktop/GreekRomanTexts/texts/Rome_Cicero_OnFriendshipOrLaelius.txt
28,5,9,file:/Users/brandonlocke/Desktop/GreekRomanTexts/texts/Greece_Plato_Phaedo.txt
28,6,4,file:/Users/brandonlocke/Desktop/GreekRomanTexts/texts/Greece_Aristotle_politics.txt
28,7,18,file:/Users/brandonlocke/Desktop/GreekRomanTexts/texts/Greece_Plato_Phaedrus.txt
28,8,17,file:/Users/brandonlocke/Desktop/GreekRomanTexts/texts/Rome_EmperorJulian_Mispogon.txt
28,9,16,file:/Users/brandonlocke/Desktop/GreekRomanTexts/texts/Greece_Aristotle_NicomacheanEthics.txt
28,10,15,file:/Users/brandonlocke/Desktop/GreekRomanTexts/texts/Greece_Aristotle_Metaphysics.txt
28,11,14,file:/Users/brandonlocke/Desktop/GreekRomanTexts/texts/Rome_MarcusAureliusAntonius_Meditations.txt
28,12,13,file:/Users/brandonlocke/Desktop/GreekRomanTexts/texts/Rome_Plotinus_SixEnneads.txt
28,13,12,file:/Users/brandonlocke/Desktop/GreekRomanTexts/texts/Greece_Aristotle_Physics.txt
28,14,11,file:/Users/brandonlocke/Desktop/GreekRomanTexts/texts/Greece_Plato_Crito.txt
28,15,10,file:/Users/brandonlocke/Desktop/GreekRomanTexts/texts/Greece_Plato_Symposium.txt
28,16,8,file:/Users/brandonlocke/Desktop/GreekRomanTexts/texts/Greece_Plato_TheMento.txt
28,17,1,file:/Users/brandonlocke/Desktop/GreekRomanTexts/texts/Greece_Plato_Republic.txt
28,18,0,file:/Users/brandonlocke/Desktop/GreekRomanTexts/texts/Greece_Plato_Gorgias.txt
29,0,1,file:/Users/brandonlocke/Desktop/GreekRomanTexts/texts/Greece_Plato_Republic.txt
29,1,13,file:/Users/brandonlocke/Desktop/GreekRomanTexts/texts/Rome_Plotinus_SixEnneads.txt
29,2,17,file:/Users/brandonlocke/Desktop/GreekRomanTexts/texts/Rome_EmperorJulian_Mispogon.txt
29,3,6,file:/Users/brandonlocke/Desktop/GreekRomanTexts/texts/Greece_Xenophon_TheSymposium.txt
29,4,4,file:/Users/brandonlocke/Desktop/GreekRomanTexts/texts/Greece_Aristotle_politics.txt
29,5,2,file:/Users/brandonlocke/Desktop/GreekRomanTexts/texts/Rome_Cicero_OnFriendshipOrLaelius.txt
29,6,7,file:/Users/brandonlocke/Desktop/GreekRomanTexts/texts/Rome_Cicero_OldAge.txt
29,7,5,file:/Users/brandonlocke/Desktop/GreekRomanTexts/texts/Rome_Cicero_SelectedLettersShuckburgh.txt
29,8,16,file:/Users/brandonlocke/Desktop/GreekRomanTexts/texts/Greece_Aristotle_NicomacheanEthics.txt
29,9,10,file:/Users/brandonlocke/Desktop/GreekRomanTexts/texts/Greece_Plato_Symposium.txt
29,10,18,file:/Users/brandonlocke/Desktop/GreekRomanTexts/texts/Greece_Plato_Phaedrus.txt
29,11,15,file:/Users/brandonlocke/Desktop/GreekRomanTexts/texts/Greece_Aristotle_Metaphysics.txt
29,12,14,file:/Users/brandonlocke/Desktop/GreekRomanTexts/texts/Rome_MarcusAureliusAntonius_Meditations.txt
29,13,12,file:/Users/brandonlocke/Desktop/GreekRomanTexts/texts/Greece_Aristotle_Physics.txt
29,14,11,file:/Users/brandonlocke/Desktop/GreekRomanTexts/texts/Greece_Plato_Crito.txt
29,15,9,file:/Users/brandonlocke/Desktop/GreekRomanTexts/texts/Greece_Plato_Phaedo.txt
29,16,8,file:/Users/brandonlocke/Desktop/GreekRomanTexts/texts/Greece_Plato_TheMento.txt
29,17,3,file:/Users/brandonlocke/Desktop/GreekRomanTexts/texts/Greece_Aristotle_Poetics.txt
29,18,0,file:/Users/brandonlocke/Desktop/GreekRomanTexts/texts/Greece_Plato_Gorgias.txt
30,0,3,file:/Users/brandonlocke/Desktop/GreekRomanTexts/texts/Greece_Aristotle_Poetics.txt
30,1,1,file:/Users/brandonlocke/Desktop/GreekRomanTexts/texts/Greece_Plato_Republic.txt
30,2,18,file:/Users/brandonlocke/Desktop/GreekRomanTexts/texts/Greece_Plato_Phaedrus.txt
30,3,6,file:/Users/brandonlocke/Desktop/GreekRomanTexts/texts/Greece_Xenophon_TheSymposium.txt
30,4,15,file:/Users/brandonlocke/Desktop/GreekRomanTexts/texts/Greece_Aristotle_Metaphysics.txt
30,5,7,file:/Users/brandonlocke/Desktop/GreekRomanTexts/texts/Rome_Cicero_OldAge.txt
30,6,14,file:/Users/brandonlocke/Desktop/GreekRomanTexts/texts/Rome_MarcusAureliusAntonius_Meditations.txt
30,7,17,file:/Users/brandonlocke/Desktop/GreekRomanTexts/texts/Rome_EmperorJulian_Mispogon.txt
30,8,16,file:/Users/brandonlocke/Desktop/GreekRomanTexts/texts/Greece_Aristotle_NicomacheanEthics.txt
30,9,13,file:/Users/brandonlocke/Desktop/GreekRomanTexts/texts/Rome_Plotinus_SixEnneads.txt
30,10,12,file:/Users/brandonlocke/Desktop/GreekRomanTexts/texts/Greece_Aristotle_Physics.txt
30,11,11,file:/Users/brandonlocke/Desktop/GreekRomanTexts/texts/Greece_Plato_Crito.txt
30,12,10,file:/Users/brandonlocke/Desktop/GreekRomanTexts/texts/Greece_Plato_Symposium.txt
30,13,9,file:/Users/brandonlocke/Desktop/GreekRomanTexts/texts/Greece_Plato_Phaedo.txt
30,14,8,file:/Users/brandonlocke/Desktop/GreekRomanTexts/texts/Greece_Plato_TheMento.txt
30,15,5,file:/Users/brandonlocke/Desktop/GreekRomanTexts/texts/Rome_Cicero_SelectedLettersShuckburgh.txt
30,16,4,file:/Users/brandonlocke/Desktop/GreekRomanTexts/texts/Greece_Aristotle_politics.txt
30,17,2,file:/Users/brandonlocke/Desktop/GreekRomanTexts/texts/Rome_Cicero_OnFriendshipOrLaelius.txt
30,18,0,file:/Users/brandonlocke/Desktop/GreekRomanTexts/texts/Greece_Plato_Gorgias.txt
31,0,13,file:/Users/brandonlocke/Desktop/GreekRomanTexts/texts/Rome_Plotinus_SixEnneads.txt
31,1,15,file:/Users/brandonlocke/Desktop/GreekRomanTexts/texts/Greece_Aristotle_Metaphysics.txt
31,2,2,file:/Users/brandonlocke/Desktop/GreekRomanTexts/texts/Rome_Cicero_OnFriendshipOrLaelius.txt
31,3,7,file:/Users/brandonlocke/Desktop/GreekRomanTexts/texts/Rome_Cicero_OldAge.txt
31,4,8,file:/Users/brandonlocke/Desktop/GreekRomanTexts/texts/Greece_Plato_TheMento.txt
31,5,14,file:/Users/brandonlocke/Desktop/GreekRomanTexts/texts/Rome_MarcusAureliusAntonius_Meditations.txt
31,6,9,file:/Users/brandonlocke/Desktop/GreekRomanTexts/texts/Greece_Plato_Phaedo.txt
31,7,4,file:/Users/brandonlocke/Desktop/GreekRomanTexts/texts/Greece_Aristotle_politics.txt
31,8,18,file:/Users/brandonlocke/Desktop/GreekRomanTexts/texts/Greece_Plato_Phaedrus.txt
31,9,17,file:/Users/brandonlocke/Desktop/GreekRomanTexts/texts/Rome_EmperorJulian_Mispogon.txt
31,10,16,file:/Users/brandonlocke/Desktop/GreekRomanTexts/texts/Greece_Aristotle_NicomacheanEthics.txt
31,11,12,file:/Users/brandonlocke/Desktop/GreekRomanTexts/texts/Greece_Aristotle_Physics.txt
31,12,11,file:/Users/brandonlocke/Desktop/GreekRomanTexts/texts/Greece_Plato_Crito.txt
31,13,10,file:/Users/brandonlocke/Desktop/GreekRomanTexts/texts/Greece_Plato_Symposium.txt
31,14,6,file:/Users/brandonlocke/Desktop/GreekRomanTexts/texts/Greece_Xenophon_TheSymposium.txt
31,15,5,file:/Users/brandonlocke/Desktop/GreekRomanTexts/texts/Rome_Cicero_SelectedLettersShuckburgh.txt
31,16,3,file:/Users/brandonlocke/Desktop/GreekRomanTexts/texts/Greece_Aristotle_Poetics.txt
31,17,1,file:/Users/brandonlocke/Desktop/GreekRomanTexts/texts/Greece_Plato_Republic.txt
31,18,0,file:/Users/brandonlocke/Desktop/GreekRomanTexts/texts/Greece_Plato_Gorgias.txt
32,0,4,file:/Users/brandonlocke/Desktop/GreekRomanTexts/texts/Greece_Aristotle_politics.txt
32,1,1,file:/Users/brandonlocke/Desktop/GreekRomanTexts/texts/Greece_Plato_Republic.txt
32,2,16,file:/Users/brandonlocke/Desktop/GreekRomanTexts/texts/Greece_Aristotle_NicomacheanEthics.txt
32,3,0,file:/Users/brandonlocke/Desktop/GreekRomanTexts/texts/Greece_Plato_Gorgias.txt
32,4,17,file:/Users/brandonlocke/Desktop/GreekRomanTexts/texts/Rome_EmperorJulian_Mispogon.txt
32,5,5,file:/Users/brandonlocke/Desktop/GreekRomanTexts/texts/Rome_Cicero_SelectedLettersShuckburgh.txt
32,6,14,file:/Users/brandonlocke/Desktop/GreekRomanTexts/texts/Rome_MarcusAureliusAntonius_Meditations.txt
32,7,10,file:/Users/brandonlocke/Desktop/GreekRomanTexts/texts/Greece_Plato_Symposium.txt
32,8,13,file:/Users/brandonlocke/Desktop/GreekRomanTexts/texts/Rome_Plotinus_SixEnneads.txt
32,9,6,file:/Users/brandonlocke/Desktop/GreekRomanTexts/texts/Greece_Xenophon_TheSymposium.txt
32,10,2,file:/Users/brandonlocke/Desktop/GreekRomanTexts/texts/Rome_Cicero_OnFriendshipOrLaelius.txt
32,11,11,file:/Users/brandonlocke/Desktop/GreekRomanTexts/texts/Greece_Plato_Crito.txt
32,12,7,file:/Users/brandonlocke/Desktop/GreekRomanTexts/texts/Rome_Cicero_OldAge.txt
32,13,18,file:/Users/brandonlocke/Desktop/GreekRomanTexts/texts/Greece_Plato_Phaedrus.txt
32,14,8,file:/Users/brandonlocke/Desktop/GreekRomanTexts/texts/Greece_Plato_TheMento.txt
32,15,15,file:/Users/brandonlocke/Desktop/GreekRomanTexts/texts/Greece_Aristotle_Metaphysics.txt
32,16,3,file:/Users/brandonlocke/Desktop/GreekRomanTexts/texts/Greece_Aristotle_Poetics.txt
32,17,9,file:/Users/brandonlocke/Desktop/GreekRomanTexts/texts/Greece_Plato_Phaedo.txt
32,18,12,file:/Users/brandonlocke/Desktop/GreekRomanTexts/texts/Greece_Aristotle_Physics.txt
33,0,1,file:/Users/brandonlocke/Desktop/GreekRomanTexts/texts/Greece_Plato_Republic.txt
33,1,9,file:/Users/brandonlocke/Desktop/GreekRomanTexts/texts/Greece_Plato_Phaedo.txt
33,2,18,file:/Users/brandonlocke/Desktop/GreekRomanTexts/texts/Greece_Plato_Phaedrus.txt
33,3,0,file:/Users/brandonlocke/Desktop/GreekRomanTexts/texts/Greece_Plato_Gorgias.txt
33,4,10,file:/Users/brandonlocke/Desktop/GreekRomanTexts/texts/Greece_Plato_Symposium.txt
33,5,8,file:/Users/brandonlocke/Desktop/GreekRomanTexts/texts/Greece_Plato_TheMento.txt
33,6,6,file:/Users/brandonlocke/Desktop/GreekRomanTexts/texts/Greece_Xenophon_TheSymposium.txt
33,7,4,file:/Users/brandonlocke/Desktop/GreekRomanTexts/texts/Greece_Aristotle_politics.txt
33,8,2,file:/Users/brandonlocke/Desktop/GreekRomanTexts/texts/Rome_Cicero_OnFriendshipOrLaelius.txt
33,9,3,file:/Users/brandonlocke/Desktop/GreekRomanTexts/texts/Greece_Aristotle_Poetics.txt
33,10,7,file:/Users/brandonlocke/Desktop/GreekRomanTexts/texts/Rome_Cicero_OldAge.txt
33,11,17,file:/Users/brandonlocke/Desktop/GreekRomanTexts/texts/Rome_EmperorJulian_Mispogon.txt
33,12,12,file:/Users/brandonlocke/Desktop/GreekRomanTexts/texts/Greece_Aristotle_Physics.txt
33,13,16,file:/Users/brandonlocke/Desktop/GreekRomanTexts/texts/Greece_Aristotle_NicomacheanEthics.txt
33,14,15,file:/Users/brandonlocke/Desktop/GreekRomanTexts/texts/Greece_Aristotle_Metaphysics.txt
33,15,14,file:/Users/brandonlocke/Desktop/GreekRomanTexts/texts/Rome_MarcusAureliusAntonius_Meditations.txt
33,16,13,file:/Users/brandonlocke/Desktop/GreekRomanTexts/texts/Rome_Plotinus_SixEnneads.txt
33,17,11,file:/Users/brandonlocke/Desktop/GreekRomanTexts/texts/Greece_Plato_Crito.txt
33,18,5,file:/Users/brandonlocke/Desktop/GreekRomanTexts/texts/Rome_Cicero_SelectedLettersShuckburgh.txt
34,0,5,file:/Users/brandonlocke/Desktop/GreekRomanTexts/texts/Rome_Cicero_SelectedLettersShuckburgh.txt
34,1,7,file:/Users/brandonlocke/Desktop/GreekRomanTexts/texts/Rome_Cicero_OldAge.txt
34,2,6,file:/Users/brandonlocke/Desktop/GreekRomanTexts/texts/Greece_Xenophon_TheSymposium.txt
34,3,1,file:/Users/brandonlocke/Desktop/GreekRomanTexts/texts/Greece_Plato_Republic.txt
34,4,16,file:/Users/brandonlocke/Desktop/GreekRomanTexts/texts/Greece_Aristotle_NicomacheanEthics.txt
34,5,11,file:/Users/brandonlocke/Desktop/GreekRomanTexts/texts/Greece_Plato_Crito.txt
34,6,18,file:/Users/brandonlocke/Desktop/GreekRomanTexts/texts/Greece_Plato_Phaedrus.txt
34,7,4,file:/Users/brandonlocke/Desktop/GreekRomanTexts/texts/Greece_Aristotle_politics.txt
34,8,17,file:/Users/brandonlocke/Desktop/GreekRomanTexts/texts/Rome_EmperorJulian_Mispogon.txt
34,9,15,file:/Users/brandonlocke/Desktop/GreekRomanTexts/texts/Greece_Aristotle_Metaphysics.txt
34,10,14,file:/Users/brandonlocke/Desktop/GreekRomanTexts/texts/Rome_MarcusAureliusAntonius_Meditations.txt
34,11,13,file:/Users/brandonlocke/Desktop/GreekRomanTexts/texts/Rome_Plotinus_SixEnneads.txt
34,12,12,file:/Users/brandonlocke/Desktop/GreekRomanTexts/texts/Greece_Aristotle_Physics.txt
34,13,10,file:/Users/brandonlocke/Desktop/GreekRomanTexts/texts/Greece_Plato_Symposium.txt
34,14,9,file:/Users/brandonlocke/Desktop/GreekRomanTexts/texts/Greece_Plato_Phaedo.txt
34,15,8,file:/Users/brandonlocke/Desktop/GreekRomanTexts/texts/Greece_Plato_TheMento.txt
34,16,3,file:/Users/brandonlocke/Desktop/GreekRomanTexts/texts/Greece_Aristotle_Poetics.txt
34,17,2,file:/Users/brandonlocke/Desktop/GreekRomanTexts/texts/Rome_Cicero_OnFriendshipOrLaelius.txt
34,18,0,file:/Users/brandonlocke/Desktop/GreekRomanTexts/texts/Greece_Plato_Gorgias.txt
35,0,16,file:/Users/brandonlocke/Desktop/GreekRomanTexts/texts/Greece_Aristotle_NicomacheanEthics.txt
35,1,13,file:/Users/brandonlocke/Desktop/GreekRomanTexts/texts/Rome_Plotinus_SixEnneads.txt
35,2,14,file:/Users/brandonlocke/Desktop/GreekRomanTexts/texts/Rome_MarcusAureliusAntonius_Meditations.txt
35,3,4,file:/Users/brandonlocke/Desktop/GreekRomanTexts/texts/Greece_Aristotle_politics.txt
35,4,1,file:/Users/brandonlocke/Desktop/GreekRomanTexts/texts/Greece_Plato_Republic.txt
35,5,5,file:/Users/brandonlocke/Desktop/GreekRomanTexts/texts/Rome_Cicero_SelectedLettersShuckburgh.txt
35,6,7,file:/Users/brandonlocke/Desktop/GreekRomanTexts/texts/Rome_Cicero_OldAge.txt
35,7,2,file:/Users/brandonlocke/Desktop/GreekRomanTexts/texts/Rome_Cicero_OnFriendshipOrLaelius.txt
35,8,17,file:/Users/brandonlocke/Desktop/GreekRomanTexts/texts/Rome_EmperorJulian_Mispogon.txt
35,9,0,file:/Users/brandonlocke/Desktop/GreekRomanTexts/texts/Greece_Plato_Gorgias.txt
35,10,18,file:/Users/brandonlocke/Desktop/GreekRomanTexts/texts/Greece_Plato_Phaedrus.txt
35,11,9,file:/Users/brandonlocke/Desktop/GreekRomanTexts/texts/Greece_Plato_Phaedo.txt
35,12,11,file:/Users/brandonlocke/Desktop/GreekRomanTexts/texts/Greece_Plato_Crito.txt
35,13,6,file:/Users/brandonlocke/Desktop/GreekRomanTexts/texts/Greece_Xenophon_TheSymposium.txt
35,14,12,file:/Users/brandonlocke/Desktop/GreekRomanTexts/texts/Greece_Aristotle_Physics.txt
35,15,8,file:/Users/brandonlocke/Desktop/GreekRomanTexts/texts/Greece_Plato_TheMento.txt
35,16,3,file:/Users/brandonlocke/Desktop/GreekRomanTexts/texts/Greece_Aristotle_Poetics.txt
35,17,15,file:/Users/brandonlocke/Desktop/GreekRomanTexts/texts/Greece_Aristotle_Metaphysics.txt
35,18,10,file:/Users/brandonlocke/Desktop/GreekRomanTexts/texts/Greece_Plato_Symposium.txt
36,0,9,file:/Users/brandonlocke/Desktop/GreekRomanTexts/texts/Greece_Plato_Phaedo.txt
36,1,1,file:/Users/brandonlocke/Desktop/GreekRomanTexts/texts/Greece_Plato_Republic.txt
36,2,11,file:/Users/brandonlocke/Desktop/GreekRomanTexts/texts/Greece_Plato_Crito.txt
36,3,10,file:/Users/brandonlocke/Desktop/GreekRomanTexts/texts/Greece_Plato_Symposium.txt
36,4,14,file:/Users/brandonlocke/Desktop/GreekRomanTexts/texts/Rome_MarcusAureliusAntonius_Meditations.txt
36,5,7,file:/Users/brandonlocke/Desktop/GreekRomanTexts/texts/Rome_Cicero_OldAge.txt
36,6,18,file:/Users/brandonlocke/Desktop/GreekRomanTexts/texts/Greece_Plato_Phaedrus.txt
36,7,0,file:/Users/brandonlocke/Desktop/GreekRomanTexts/texts/Greece_Plato_Gorgias.txt
36,8,4,file:/Users/brandonlocke/Desktop/GreekRomanTexts/texts/Greece_Aristotle_politics.txt
36,9,13,file:/Users/brandonlocke/Desktop/GreekRomanTexts/texts/Rome_Plotinus_SixEnneads.txt
36,10,8,file:/Users/brandonlocke/Desktop/GreekRomanTexts/texts/Greece_Plato_TheMento.txt
36,11,17,file:/Users/brandonlocke/Desktop/GreekRomanTexts/texts/Rome_EmperorJulian_Mispogon.txt
36,12,3,file:/Users/brandonlocke/Desktop/GreekRomanTexts/texts/Greece_Aristotle_Poetics.txt
36,13,5,file:/Users/brandonlocke/Desktop/GreekRomanTexts/texts/Rome_Cicero_SelectedLettersShuckburgh.txt
36,14,2,file:/Users/brandonlocke/Desktop/GreekRomanTexts/texts/Rome_Cicero_OnFriendshipOrLaelius.txt
36,15,15,file:/Users/brandonlocke/Desktop/GreekRomanTexts/texts/Greece_Aristotle_Metaphysics.txt
36,16,16,file:/Users/brandonlocke/Desktop/GreekRomanTexts/texts/Greece_Aristotle_NicomacheanEthics.txt
36,17,12,file:/Users/brandonlocke/Desktop/GreekRomanTexts/texts/Greece_Aristotle_Physics.txt
36,18,6,file:/Users/brandonlocke/Desktop/GreekRomanTexts/texts/Greece_Xenophon_TheSymposium.txt
37,0,1,file:/Users/brandonlocke/Desktop/GreekRomanTexts/texts/Greece_Plato_Republic.txt
37,1,6,file:/Users/brandonlocke/Desktop/GreekRomanTexts/texts/Greece_Xenophon_TheSymposium.txt
37,2,5,file:/Users/brandonlocke/Desktop/GreekRomanTexts/texts/Rome_Cicero_SelectedLettersShuckburgh.txt
37,3,18,file:/Users/brandonlocke/Desktop/GreekRomanTexts/texts/Greece_Plato_Phaedrus.txt
37,4,7,file:/Users/brandonlocke/Desktop/GreekRomanTexts/texts/Rome_Cicero_OldAge.txt
37,5,10,file:/Users/brandonlocke/Desktop/GreekRomanTexts/texts/Greece_Plato_Symposium.txt
37,6,14,file:/Users/brandonlocke/Desktop/GreekRomanTexts/texts/Rome_MarcusAureliusAntonius_Meditations.txt
37,7,13,file:/Users/brandonlocke/Desktop/GreekRomanTexts/texts/Rome_Plotinus_SixEnneads.txt
37,8,9,file:/Users/brandonlocke/Desktop/GreekRomanTexts/texts/Greece_Plato_Phaedo.txt
37,9,2,file:/Users/brandonlocke/Desktop/GreekRomanTexts/texts/Rome_Cicero_OnFriendshipOrLaelius.txt
37,10,16,file:/Users/brandonlocke/Desktop/GreekRomanTexts/texts/Greece_Aristotle_NicomacheanEthics.txt
37,11,0,file:/Users/brandonlocke/Desktop/GreekRomanTexts/texts/Greece_Plato_Gorgias.txt
37,12,17,file:/Users/brandonlocke/Desktop/GreekRomanTexts/texts/Rome_EmperorJulian_Mispogon.txt
37,13,15,file:/Users/brandonlocke/Desktop/GreekRomanTexts/texts/Greece_Aristotle_Metaphysics.txt
37,14,3,file:/Users/brandonlocke/Desktop/GreekRomanTexts/texts/Greece_Aristotle_Poetics.txt
37,15,8,file:/Users/brandonlocke/Desktop/GreekRomanTexts/texts/Greece_Plato_TheMento.txt
37,16,4,file:/Users/brandonlocke/Desktop/GreekRomanTexts/texts/Greece_Aristotle_politics.txt
37,17,12,file:/Users/brandonlocke/Desktop/GreekRomanTexts/texts/Greece_Aristotle_Physics.txt
37,18,11,file:/Users/brandonlocke/Desktop/GreekRomanTexts/texts/Greece_Plato_Crito.txt
38,0,7,file:/Users/brandonlocke/Desktop/GreekRomanTexts/texts/Rome_Cicero_OldAge.txt
38,1,2,file:/Users/brandonlocke/Desktop/GreekRomanTexts/texts/Rome_Cicero_OnFriendshipOrLaelius.txt
38,2,5,file:/Users/brandonlocke/Desktop/GreekRomanTexts/texts/Rome_Cicero_SelectedLettersShuckburgh.txt
38,3,17,file:/Users/brandonlocke/Desktop/GreekRomanTexts/texts/Rome_EmperorJulian_Mispogon.txt
38,4,14,file:/Users/brandonlocke/Desktop/GreekRomanTexts/texts/Rome_MarcusAureliusAntonius_Meditations.txt
38,5,4,file:/Users/brandonlocke/Desktop/GreekRomanTexts/texts/Greece_Aristotle_politics.txt
38,6,6,file:/Users/brandonlocke/Desktop/GreekRomanTexts/texts/Greece_Xenophon_TheSymposium.txt
38,7,18,file:/Users/brandonlocke/Desktop/GreekRomanTexts/texts/Greece_Plato_Phaedrus.txt
38,8,16,file:/Users/brandonlocke/Desktop/GreekRomanTexts/texts/Greece_Aristotle_NicomacheanEthics.txt
38,9,15,file:/Users/brandonlocke/Desktop/GreekRomanTexts/texts/Greece_Aristotle_Metaphysics.txt
38,10,13,file:/Users/brandonlocke/Desktop/GreekRomanTexts/texts/Rome_Plotinus_SixEnneads.txt
38,11,12,file:/Users/brandonlocke/Desktop/GreekRomanTexts/texts/Greece_Aristotle_Physics.txt
38,12,11,file:/Users/brandonlocke/Desktop/GreekRomanTexts/texts/Greece_Plato_Crito.txt
38,13,10,file:/Users/brandonlocke/Desktop/GreekRomanTexts/texts/Greece_Plato_Symposium.txt
38,14,9,file:/Users/brandonlocke/Desktop/GreekRomanTexts/texts/Greece_Plato_Phaedo.txt
38,15,8,file:/Users/brandonlocke/Desktop/GreekRomanTexts/texts/Greece_Plato_TheMento.txt
38,16,3,file:/Users/brandonlocke/Desktop/GreekRomanTexts/texts/Greece_Aristotle_Poetics.txt
38,17,1,file:/Users/brandonlocke/Desktop/GreekRomanTexts/texts/Greece_Plato_Republic.txt
38,18,0,file:/Users/brandonlocke/Desktop/GreekRomanTexts/texts/Greece_Plato_Gorgias.txt
39,0,13,file:/Users/brandonlocke/Desktop/GreekRomanTexts/texts/Rome_Plotinus_SixEnneads.txt
39,1,12,file:/Users/brandonlocke/Desktop/GreekRomanTexts/texts/Greece_Aristotle_Physics.txt
39,2,14,file:/Users/brandonlocke/Desktop/GreekRomanTexts/texts/Rome_MarcusAureliusAntonius_Meditations.txt
39,3,18,file:/Users/brandonlocke/Desktop/GreekRomanTexts/texts/Greece_Plato_Phaedrus.txt
39,4,10,file:/Users/brandonlocke/Desktop/GreekRomanTexts/texts/Greece_Plato_Symposium.txt
39,5,17,file:/Users/brandonlocke/Desktop/GreekRomanTexts/texts/Rome_EmperorJulian_Mispogon.txt
39,6,16,file:/Users/brandonlocke/Desktop/GreekRomanTexts/texts/Greece_Aristotle_NicomacheanEthics.txt
39,7,15,file:/Users/brandonlocke/Desktop/GreekRomanTexts/texts/Greece_Aristotle_Metaphysics.txt
39,8,11,file:/Users/brandonlocke/Desktop/GreekRomanTexts/texts/Greece_Plato_Crito.txt
39,9,9,file:/Users/brandonlocke/Desktop/GreekRomanTexts/texts/Greece_Plato_Phaedo.txt
39,10,8,file:/Users/brandonlocke/Desktop/GreekRomanTexts/texts/Greece_Plato_TheMento.txt
39,11,7,file:/Users/brandonlocke/Desktop/GreekRomanTexts/texts/Rome_Cicero_OldAge.txt
39,12,6,file:/Users/brandonlocke/Desktop/GreekRomanTexts/texts/Greece_Xenophon_TheSymposium.txt
39,13,5,file:/Users/brandonlocke/Desktop/GreekRomanTexts/texts/Rome_Cicero_SelectedLettersShuckburgh.txt
39,14,4,file:/Users/brandonlocke/Desktop/GreekRomanTexts/texts/Greece_Aristotle_politics.txt
39,15,3,file:/Users/brandonlocke/Desktop/GreekRomanTexts/texts/Greece_Aristotle_Poetics.txt
39,16,2,file:/Users/brandonlocke/Desktop/GreekRomanTexts/texts/Rome_Cicero_OnFriendshipOrLaelius.txt
39,17,1,file:/Users/brandonlocke/Desktop/GreekRomanTexts/texts/Greece_Plato_Republic.txt
39,18,0,file:/Users/brandonlocke/Desktop/GreekRomanTexts/texts/Greece_Plato_Gorgias.txt
